date,cell,n,capital,wr,delist_n,return
2002-07-31,BH,100,600695.83729,-81111.5295476,0,-0.135029285226
2002-07-31,BL,450,7104004.7474,-463331.484,0,-0.0652211675632
2002-07-31,BN,355,2288690.31459,-198882.208791,1,-0.0868978242811
2002-07-31,SH,1763,229362.566275,-34475.9912612,4,-0.150312197065
2002-07-31,SL,997,296888.22323,-43742.3314614,0,-0.147336027632
2002-07-31,SN,1285,388330.946362,-55362.4826354,2,-0.142565209273
2002-08-31,BH,100,519158.857361,32929.7862007,0,0.063429113717
2002-08-31,BL,450,6633619.76116,-4576.03088254,0,-0.000689824115234
2002-08-31,BN,353,2081397.53667,36313.0019234,1,0.0174464518592
2002-08-31,SH,1738,193630.573909,-1255.02367536,0,-0.00648153672234
2002-08-31,SL,988,253043.303167,-1005.15049549,1,-0.00397224697476
2002-08-31,SN,1275,331155.570805,1716.99776301,2,0.00518486751962
2002-09-30,BH,100,551765.691743,-50625.9944826,0,-0.091752704527
2002-09-30,BL,450,6619900.28468,-710502.133302,0,-0.107328222896
2002-09-30,BN,352,2097298.40656,-211292.001458,0,-0.100744844319
2002-09-30,SH,1721,191654.557002,-13703.574988,1,-0.0715014305026
2002-09-30,SL,983,251553.999462,-20633.6344856,1,-0.0820246727528
2002-09-30,SN,1268,331860.722727,-25145.5081461,1,-0.0757712691622
2002-10-31,BH,100,500592.076309,39838.144012,0,0.0795820507303
2002-10-31,BL,450,5901995.14326,578483.151315,0,0.09801484706
2002-10-31,BN,351,1880394.59009,76662.7981413,0,0.040769527069
2002-10-31,SH,1696,177148.15217,1053.55573346,2,0.00594731427087
2002-10-31,SL,975,230768.747902,15642.5062137,1,0.0677843354262
2002-10-31,SN,1256,304074.080559,13063.7796017,0,0.0429624898567
2002-11-30,BH,100,539939.319634,44138.3074027,0,0.081746792274
2002-11-30,BL,450,6471504.16287,351054.276845,0,0.054246164108
2002-11-30,BN,349,1927326.98799,109592.759736,0,0.0568625668707
2002-11-30,SH,1673,177442.462584,14023.5428221,0,0.0790314934646
2002-11-30,SL,968,246356.389843,31087.5635427,0,0.126189394001
2002-11-30,SN,1252,316145.323396,26498.4231039,0,0.0838172231028
2002-12-31,BH,100,583227.926338,-39068.922095,0,-0.0669873994895
2002-12-31,BL,450,6813331.38708,-420831.859941,0,-0.0617659462064
2002-12-31,BN,348,2025295.20874,-77894.4006347,0,-0.038460763793
2002-12-31,SH,1654,190374.183589,-7059.70806163,2,-0.0370833267859
2002-12-31,SL,958,276986.48131,-23217.9576753,1,-0.0838234327014
2002-12-31,SN,1244,341824.457357,-16018.8262007,3,-0.0468627269231
2003-01-31,BH,100,543310.259889,-30033.6984721,0,-0.0552790931617
2003-01-31,BL,450,6383509.13794,-180434.531537,0,-0.0282657277742
2003-01-31,BN,346,1936314.54555,-34698.8689827,0,-0.0179200580104
2003-01-31,SH,1628,181049.374552,-2235.06166903,1,-0.0123450394378
2003-01-31,SL,947,252070.822675,-6211.39930103,0,-0.0246414846237
2003-01-31,SN,1236,323899.474194,-8262.54364419,1,-0.0255095926437
2003-02-28,BH,100,513056.199501,-22302.0007823,0,-0.0434689236851
2003-02-28,BL,449,6193435.27732,-88067.7072385,0,-0.0142195249155
2003-02-28,BN,346,1899071.1132,-44435.1540171,0,-0.0233983623406
2003-02-28,SH,1609,177363.198676,-6354.09097204,5,-0.0358253065995
2003-02-28,SL,942,245776.652249,-10107.9407931,2,-0.0411265297196
2003-02-28,SN,1226,314802.190719,-5730.06388834,3,-0.0182021093159
2003-03-31,BH,100,490369.753162,-7354.51000338,0,-0.0149978867089
2003-03-31,BL,448,6081874.89873,95376.0983808,0,0.0156820223975
2003-03-31,BN,344,1846684.52248,4740.97142226,0,0.00256728822089
2003-03-31,SH,1581,169433.439502,1778.90363459,3,0.0104991295686
2003-03-31,SL,926,234223.879086,4902.79356665,0,0.0209320825262
2003-03-31,SN,1209,306683.164424,1771.87272541,0,0.00577753502949
2003-04-30,BH,100,482165.251516,54929.3452676,0,0.113922239512
2003-04-30,BL,446,6109232.33616,472645.148906,0,0.0773657184567
2003-04-30,BN,343,1844192.47213,160510.825612,0,0.0870358316919
2003-04-30,SH,1561,170758.680798,16751.2179664,1,0.0980987782765
2003-04-30,SL,920,238825.54803,26057.7530008,0,0.109107895766
2003-04-30,SN,1203,307845.571264,29353.2626154,2,0.0953506087315
2003-05-31,BH,100,536738.234983,44962.4652405,0,0.0837698198302
2003-05-31,BL,446,6574032.86125,328285.033433,0,0.0499366279971
2003-05-31,BN,343,2001873.48961,145160.868326,0,0.0725125084477
2003-05-31,SH,1537,186946.99398,20224.3863048,3,0.108182463244
2003-05-31,SL,916,264821.636857,33480.0863684,0,0.126425041268
2003-05-31,SN,1193,335543.591961,36305.3903117,0,0.108198729409
2003-06-30,BH,100,581301.027949,4220.30172158,0,0.00726009678061
2003-06-30,BL,445,6889468.98741,92385.4081112,0,0.0134096558501
2003-06-30,BN,343,2142321.6965,26590.9203614,0,0.0124121976661
2003-06-30,SH,1519,206475.070146,7503.21385799,4,0.0363395631864
2003-06-30,SL,908,297768.363452,7601.88463867,1,0.025529524193
2003-06-30,SN,1184,369379.578977,8100.70457647,3,0.0219305696295
2003-07-31,BH,125,815115.06639,6212.90523654,0,0.00762212047442
2003-07-31,BL,433,6443848.83014,120005.626427,0,0.0186232839395
2003-07-31,BN,353,2694334.74937,70955.5162689,0,0.0263350781805
2003-07-31,SH,1632,251196.887705,17659.4742353,0,0.0703013257711
2003-07-31,SL,787,264107.107014,21344.4731047,0,0.0808174885789
2003-07-31,SN,1271,377732.449846,21711.7915651,3,0.0574792861295
2003-08-31,BH,125,819763.806183,32349.7675579,0,0.0394623028169
2003-08-31,BL,431,6550846.14543,137007.853872,0,0.0209145278076
2003-08-31,BN,351,2758068.51455,44264.7399657,0,0.0160491806973
2003-08-31,SH,1612,265580.736352,16329.7230819,1,0.0614868506886
2003-08-31,SL,781,284318.796736,13815.8041549,0,0.0485926513249
2003-08-31,SN,1262,397483.718194,18093.8406453,1,0.0455209605252
2003-09-30,BH,124,849568.550292,-30022.5405008,0,-0.0353385733152
2003-09-30,BL,431,6678617.19606,-82141.367816,0,-0.0122991579551
2003-09-30,BN,350,2794683.54599,-11697.2535234,0,-0.00418553776515
2003-09-30,SH,1595,280772.118327,2343.2685127,1,0.00834580202145
2003-09-30,SL,778,297265.998749,-4501.14081749,0,-0.0151417950133
2003-09-30,SN,1256,413460.712164,-8324.79158127,1,-0.0201344198768
2003-10-31,BH,124,819057.869341,55146.7137531,0,0.0673294474266
2003-10-31,BL,431,6588744.33644,339744.223314,2,0.0515643354736
2003-10-31,BN,350,2778112.60888,195281.830306,0,0.0702929858499
2003-10-31,SH,1579,281816.86747,30836.7779221,3,0.109421335206
2003-10-31,SL,771,290441.222702,24051.1396428,0,0.0828089739434
2003-10-31,SN,1249,401736.159435,31862.5362626,2,0.0793120945534
2003-11-30,BH,124,872794.054091,23836.9189237,0,0.0273110464169
2003-11-30,BL,428,6907622.25272,58120.0726401,0,0.00841390430944
2003-11-30,BN,350,2968882.0161,45746.5197184,0,0.0154086688088
2003-11-30,SH,1558,310410.780714,14974.6325279,2,0.0482413416616
2003-11-30,SL,765,313586.287296,9059.18250818,0,0.0288889625446
2003-11-30,SN,1243,431493.809164,15963.6978244,1,0.0369963542589
2003-12-31,BH,124,895301.10681,51334.5854848,0,0.0573377884762
2003-12-31,BL,428,6955728.87389,326602.875353,0,0.0469545149436
2003-12-31,BN,350,3008928.25938,133941.488071,0,0.0445146831445
2003-12-31,SH,1536,321968.506941,9313.47569633,6,0.0289266667253
2003-12-31,SL,762,321046.050633,3344.79678766,1,0.0104184330599
2003-12-31,SN,1235,445159.964514,11819.1070324,1,0.0265502470451
2004-01-31,BH,124,945738.513082,29171.0056317,0,0.0308446840518
2004-01-31,BL,426,7267341.76727,99328.3416219,0,0.0136677680509
2004-01-31,BN,349,3134500.39626,76531.3421654,0,0.0244158023578
2004-01-31,SH,1516,329665.489762,23429.4667026,0,0.0710704257199
2004-01-31,SL,758,323782.78486,12769.2698412,0,0.0394377664233
2004-01-31,SN,1228,454145.268516,15949.4469192,2,0.035119702934
2004-02-29,BH,124,973697.139968,29119.6617975,0,0.0299062825618
2004-02-29,BL,424,7350723.12646,74175.8001244,0,0.0100909528013
2004-02-29,BN,349,3206468.26445,75028.6103286,0,0.0233991432756
2004-02-29,SH,1507,352410.750811,1355.57512973,1,0.00384657711666
2004-02-29,SL,753,333233.068656,1304.14252758,0,0.00391360477171
2004-02-29,SN,1218,467647.82635,4813.78674305,1,0.0102936151347
2004-03-31,BH,124,1001453.60341,-5605.71924134,0,-0.00559758257621
2004-03-31,BL,423,7410406.77611,-134370.969673,0,-0.0181327386921
2004-03-31,BN,348,3270917.54553,-24152.4454527,1,-0.00738399703339
2004-03-31,SH,1497,352817.894455,1567.88746649,1,0.00444390007176
2004-03-31,SL,751,334312.026218,4417.44650186,1,0.0132135435026
2004-03-31,SN,1209,469931.785423,1957.74305334,0,0.00416601539642
2004-04-30,BH,124,995193.797545,-35838.1195027,0,-0.0360111966042
2004-04-30,BL,422,7265392.21473,-9658.01549006,0,-0.00132931784061
2004-04-30,BN,346,3180765.30392,-119867.286445,0,-0.0376850458905
2004-04-30,SH,1483,353490.010384,-22063.0727698,0,-0.0624149823804
2004-04-30,SL,745,336738.975214,-11641.5083776,0,-0.0345713126025
2004-04-30,SN,1199,467682.343137,-15081.8556115,5,-0.0322480757138
2004-05-31,BH,124,958113.815411,11018.1519662,0,0.0114998362293
2004-05-31,BL,422,7249266.46353,85975.8515154,0,0.0118599380983
2004-05-31,BN,345,3054397.96301,37470.0816233,0,0.0122675833592
2004-05-31,SH,1473,329915.853181,2398.7124614,1,0.00727067959384
2004-05-31,SL,743,325002.836042,3281.66894502,1,0.0100973547954
2004-05-31,SN,1184,446704.58208,5673.85415999,1,0.0127015803903
2004-06-30,BH,124,967738.232058,26625.9929689,0,0.0275136313591
2004-06-30,BL,422,7324074.89327,110257.878724,0,0.015054171391
2004-06-30,BN,344,3082471.67829,48061.8529784,3,0.015591985262
2004-06-30,SH,1462,331590.084533,14293.3518134,5,0.0431054862017
2004-06-30,SL,738,326415.584661,10283.2118993,1,0.0315034342186
2004-06-30,SN,1173,449344.565603,22748.2092791,2,0.0506253130013
2004-07-31,BH,136,1202406.62784,-26455.8681952,0,-0.0220024304447
2004-07-31,BL,430,7060660.53694,-304366.279854,0,-0.0431073379412
2004-07-31,BN,330,3519544.03056,-86141.5954021,0,-0.0244752145886
2004-07-31,SH,1197,286776.498868,-14581.3400836,2,-0.0508456590451
2004-07-31,SL,1102,446021.307555,-42696.1485979,0,-0.0957267015605
2004-07-31,SN,1215,509739.721499,-27716.8238031,2,-0.0543744633469
2004-08-31,BH,135,1171399.72933,2201.70106051,0,0.00187954718221
2004-08-31,BL,429,6748764.85915,-17623.5757328,0,-0.0026113779485
2004-08-31,BN,330,3426127.94747,47575.0431847,1,0.0138859505291
2004-08-31,SH,1187,269987.106952,-1669.17272775,2,-0.00618241643681
2004-08-31,SL,1093,399317.142598,-9286.93623407,0,-0.0232570436963
2004-08-31,SN,1210,481082.162677,-383.753699171,2,-0.000797688480147
2004-09-30,BH,135,1171541.87803,31008.0407643,0,0.0264677186072
2004-09-30,BL,429,6719684.74632,56550.2586164,0,0.0084156118555
2004-09-30,BN,328,3456243.10804,62056.8212425,2,0.0179549931248
2004-09-30,SH,1181,267685.585133,10298.4597608,0,0.0384722238804
2004-09-30,SL,1090,389836.215942,21976.3794873,1,0.0563733655022
2004-09-30,SN,1201,477589.770446,24482.0402854,2,0.0512616513175
2004-10-31,BH,134,1160375.10389,30759.7400174,0,0.0265084453417
2004-10-31,BL,429,6767600.37146,100555.235313,0,0.0148583293625
2004-10-31,BN,326,3500185.26245,36249.7949472,1,0.0103565360771
2004-10-31,SH,1171,276677.642717,2756.67219802,2,0.00996348013864
2004-10-31,SL,1083,407081.759419,12406.0129857,1,0.0304754823783
2004-10-31,SN,1190,496052.733763,8079.31848747,2,0.016287216938
2004-11-30,BH,134,1190092.61241,74395.1474419,0,0.0625120655876
2004-11-30,BL,429,6863489.6377,248101.301459,0,0.03614798223
2004-11-30,BN,325,3514629.70564,165824.288671,2,0.0471811549321
2004-11-30,SH,1156,277197.040488,24322.8001036,2,0.087745525929
2004-11-30,SL,1074,416592.403993,34370.5421719,0,0.0825040059359
2004-11-30,SN,1184,501841.737206,43461.5097531,0,0.0866040158298
2004-12-31,BH,133,1257760.14584,47913.9393783,0,0.0380946554371
2004-12-31,BL,429,7068235.22382,245536.934454,0,0.034738081951
2004-12-31,BN,322,3632176.2592,130548.578238,0,0.0359422475458
2004-12-31,SH,1142,298509.727073,11117.3851353,5,0.0372429576896
2004-12-31,SL,1072,449786.46322,19276.7340112,1,0.0428575237084
2004-12-31,SN,1175,542041.398344,14327.804629,3,0.0264330449165
2005-01-31,BH,133,1303560.67147,-21822.0501816,0,-0.0167403410206
2005-01-31,BL,428,7293980.54416,-215791.695356,0,-0.0295849014196
2005-01-31,BN,322,3756827.96958,-56625.4925526,0,-0.0150726871209
2005-01-31,SH,1129,308466.205259,-7375.57010614,0,-0.0239104640326
2005-01-31,SL,1067,466707.090958,-26390.9407897,2,-0.0565471176699
2005-01-31,SN,1161,551476.979433,-18769.9950668,0,-0.0340358632669
2005-02-28,BH,133,1281092.29404,39369.1978947,0,0.0307309614444
2005-02-28,BL,428,7073403.3054,152806.674687,0,0.021602991953
2005-02-28,BN,322,3695540.88871,67975.566656,0,0.0183939425116
2005-02-28,SH,1112,297062.756675,8762.73911712,3,0.0294979391398
2005-02-28,SL,1064,437978.186946,3060.80111747,0,0.00698847844184
2005-02-28,SN,1158,532173.404165,11342.8526291,0,0.021314204243
2005-03-31,BH,132,1303928.42569,2238.7596206,0,0.00171693443941
2005-03-31,BL,428,7212246.56764,-93533.5890577,0,-0.0129687176084
2005-03-31,BN,319,3735097.11153,-100556.683374,0,-0.0269221068077
2005-03-31,SH,1097,304749.439219,-5112.67577735,1,-0.0167766536026
2005-03-31,SL,1058,438721.091358,-18365.9746749,1,-0.041862529604
2005-03-31,SN,1156,542211.485184,-12631.8315781,0,-0.0232968720199
2005-04-30,BH,132,1302002.87535,-27981.0037127,0,-0.0214907388013
2005-04-30,BL,426,7100865.71089,-116851.652935,0,-0.0164559727916
2005-04-30,BN,318,3626666.90918,-88803.4392952,0,-0.0244862408153
2005-04-30,SH,1086,298644.538731,-17788.1095649,0,-0.0595628155149
2005-04-30,SL,1051,418484.814054,-26206.5927354,0,-0.062622565635
2005-04-30,SN,1151,524161.198954,-31109.2071763,1,-0.0593504579096
2005-05-31,BH,131,1269444.12206,52731.2024195,0,0.0415388133302
2005-05-31,BL,425,6976748.11485,252537.826795,0,0.0361970681236
2005-05-31,BN,318,3530344.20077,111447.376119,0,0.0315684165003
2005-05-31,SH,1073,277515.988962,16234.0457692,1,0.0584976953215
2005-05-31,SL,1043,388825.206503,28796.8085165,0,0.0740610640331
2005-05-31,SN,1143,490409.365266,30815.4997511,3,0.062836279104
2005-06-30,BH,129,1309467.86115,38590.1640409,0,0.0294701116276
2005-06-30,BL,424,7212879.66266,-64523.5885363,0,-0.00894560724067
2005-06-30,BN,318,3636314.39756,69794.6413842,0,0.0191937862774
2005-06-30,SH,1066,292713.807646,14080.2786641,1,0.0481025434958
2005-06-30,SL,1035,416459.73816,10978.6869823,1,0.0263619408464
2005-06-30,SN,1137,518957.292888,19744.4611298,5,0.0380464084433
2005-07-31,BH,157,1644664.75454,65323.7009492,0,0.039718551011
2005-07-31,BL,396,6730775.03874,309374.069035,2,0.0459641077371
2005-07-31,BN,328,4134045.45067,106580.361447,0,0.0257811295786
2005-07-31,SH,1146,322920.569238,19013.6111868,0,0.0588801488602
2005-07-31,SL,1127,517630.421792,35454.5914633,2,0.0684940257965
2005-07-31,SN,1233,547598.596649,36784.7839774,0,0.0671747228764
2005-08-31,BH,157,1707038.52087,7259.07531518,0,0.0042524379072
2005-08-31,BL,392,6989070.16652,-83241.22148,0,-0.0119101997114
2005-08-31,BN,323,4183125.04342,-34751.5817881,1,-0.00830756466217
2005-08-31,SH,1134,341277.942434,-4088.82754629,1,-0.0119809311939
2005-08-31,SL,1120,550984.539211,-11027.5116305,0,-0.0200141943118
2005-08-31,SN,1225,580943.559172,-7361.52266248,3,-0.0126716658551
2005-09-30,BH,157,1711257.57298,34121.0665151,0,0.0199391763424
2005-09-30,BL,392,6894275.69834,24512.1780151,1,0.00355543919153
2005-09-30,BN,322,4134052.71013,45519.7401939,1,0.0110109239978
2005-09-30,SH,1128,336130.574095,1028.99543728,0,0.00306129675959
2005-09-30,SL,1114,535413.72441,1645.36930457,4,0.00307308017997
2005-09-30,SN,1217,572027.232773,4451.1624658,0,0.00778138209298
2005-10-31,BH,157,1743786.7658,-36039.1305175,0,-0.0206671659772
2005-10-31,BL,391,6853483.62961,-78800.6173583,0,-0.0114978924029
2005-10-31,BN,320,4165313.92531,-77410.8356868,0,-0.0185846342136
2005-10-31,SH,1123,336768.893002,-8535.33193918,0,-0.0253447753535
2005-10-31,SL,1103,531741.030134,-20757.9240804,0,-0.0390376572504
2005-10-31,SN,1205,572042.418557,-15346.3731485,2,-0.0268273342162
2005-11-30,BH,157,1702816.8764,48710.7062436,0,0.0286059569404
2005-11-30,BL,390,6766566.52628,277296.063664,0,0.0409803203127
2005-11-30,BN,318,4061611.74784,151001.512774,0,0.0371777319323
2005-11-30,SH,1115,327618.906259,12604.8753839,2,0.0384742001852
2005-11-30,SL,1098,508805.918375,26546.7571225,0,0.052174623297
2005-11-30,SN,1195,552198.841751,25101.7213891,0,0.0454577581321
2005-12-31,BH,156,1735167.90835,1647.23574275,0,0.000949323540867
2005-12-31,BL,389,7028258.02902,-48788.5669703,0,-0.00694177230956
2005-12-31,BN,316,4184076.44507,54815.2370382,1,0.0131009167155
2005-12-31,SH,1094,329589.065783,-979.599548226,4,-0.00297218460782
2005-12-31,SL,1091,535012.058375,743.241601757,1,0.00138920532747
2005-12-31,SN,1191,573065.191529,-2566.06047388,2,-0.00447778108287
2006-01-31,BH,155,1728529.95306,72667.091413,0,0.0420398219218
2006-01-31,BL,386,6961196.58084,124131.03473,0,0.0178318530856
2006-01-31,BN,313,4187213.14536,151215.875969,2,0.0361137278469
2006-01-31,SH,1082,327487.876021,27359.0357129,1,0.0835421330563
2006-01-31,SL,1081,533150.003426,45772.6643656,4,0.085853257191
2006-01-31,SN,1182,565815.367912,51546.468899,3,0.0911012175035
2006-02-28,BH,155,1798676.21406,-12674.3699117,0,-0.00704649887101
2006-02-28,BL,385,7075802.31351,-13009.9069944,0,-0.00183864760744
2006-02-28,BN,310,4317366.00768,39568.340765,2,0.00916492618291
2006-02-28,SH,1073,352640.192655,-2781.13075261,1,-0.00788659605609
2006-02-28,SL,1072,573386.710031,-1481.1491179,0,-0.00258315913499
2006-02-28,SN,1175,614249.900415,-582.343157398,1,-0.000948055762002
2006-03-31,BH,153,1776346.40649,27797.7945836,0,0.015648859075
2006-03-31,BL,383,7042852.17083,112263.669905,0,0.0159400860876
2006-03-31,BN,307,4335477.03586,48410.1921586,3,0.01116605895
2006-03-31,SH,1067,348729.11121,18066.6458925,3,0.0518071056065
2006-03-31,SL,1065,567947.393932,23109.8126583,1,0.0406900584547
2006-03-31,SN,1169,611444.289669,31425.5501445,1,0.0513956065589
2006-04-30,BH,152,1800234.59247,57755.6423887,0,0.0320822867366
2006-04-30,BL,382,7121808.40654,-244.403879975,0,-3.43176713025e-05
2006-04-30,BN,303,4315272.08259,97821.3892618,0,0.0226686492508
2006-04-30,SH,1062,365756.484147,3322.53204843,3,0.00908400040035
2006-04-30,SL,1056,588050.040207,-4613.41492063,1,-0.00784527609079
2006-04-30,SN,1162,638867.904955,6896.40747581,0,0.0107947314653
2006-05-31,BH,150,1821632.23252,-31681.6991954,1,-0.017391929408
2006-05-31,BL,381,7109954.46779,-206618.342804,0,-0.0290604312221
2006-05-31,BN,303,4404711.6555,-121825.244589,0,-0.027657938616
2006-05-31,SH,1052,366800.161776,-15537.6931833,0,-0.0423601044996
2006-05-31,SL,1047,579111.688909,-44893.5553507,0,-0.0775214111725
2006-05-31,SN,1156,640878.293453,-28820.2158234,1,-0.0449698735591
2006-06-30,BH,148,1772887.03247,14869.2456634,0,0.00838702375902
2006-06-30,BL,378,6877715.0662,-10294.5119168,0,-0.00149679244019
2006-06-30,BN,302,4267493.74997,5282.11443535,0,0.00123775563476
2006-06-30,SH,1049,350612.499336,-813.046351598,5,-0.00231893145036
2006-06-30,SL,1040,530425.04456,-3809.55188712,1,-0.00718207393523
2006-06-30,SN,1148,608894.882279,2070.18252349,2,0.00339990133558
2006-07-31,BH,139,1716565.19064,12304.32882,0,0.00716799390263
2006-07-31,BL,387,6826677.29887,-50136.2240029,0,-0.00734416199975
2006-07-31,BN,323,4597624.92467,55409.798893,0,0.0120518310651
2006-07-31,SH,1237,387931.131172,-8636.0933125,0,-0.0222619238792
2006-07-31,SL,1013,534063.456271,-32308.7482674,0,-0.0604960850402
2006-07-31,SN,1193,642646.436339,-17769.7932073,0,-0.0276509635821
2006-08-31,BH,139,1724791.144,3858.42648387,0,0.00223703982786
2006-08-31,BL,385,6763757.03672,218238.933418,0,0.032265933302
2006-08-31,BN,322,4631309.97905,92731.7108331,0,0.0200227821616
2006-08-31,SH,1227,375799.668852,9589.17895386,0,0.0255167307176
2006-08-31,SL,1009,500579.183175,16609.2259477,1,0.0331800172799
2006-08-31,SN,1189,623369.572615,14780.693597,0,0.0237109641637
2006-09-30,BH,139,1725969.77341,38011.0368491,0,0.0220230026242
2006-09-30,BL,385,6969609.63043,172553.884383,0,0.0247580414877
2006-09-30,BN,322,4708822.98288,109488.786072,1,0.0232518373424
2006-09-30,SH,1215,381562.810415,5331.35166677,1,0.0139724090536
2006-09-30,SL,1005,515338.980498,5238.8393435,0,0.010165812294
2006-09-30,SN,1185,635759.830934,5944.7403274,0,0.00935060700307
2006-10-31,BH,139,1762706.85942,75682.2622946,0,0.0429352514799
2006-10-31,BL,385,7133881.75383,241307.518198,1,0.0338255562013
2006-10-31,BN,319,4783174.34346,141836.557397,0,0.0296532275873
2006-10-31,SH,1206,384509.188234,17744.6242728,0,0.0461487652721
2006-10-31,SL,999,516114.41876,30967.9097757,1,0.0600020240668
2006-10-31,SN,1176,636286.54099,34176.089836,1,0.0537117912046
2006-11-30,BH,138,1831120.79248,35326.5093249,1,0.0192922877999
2006-11-30,BL,383,7344619.43572,141213.986426,1,0.0192268622849
2006-11-30,BN,316,4890151.21047,104289.754772,0,0.0213264887493
2006-11-30,SH,1194,396384.976895,10649.2947617,1,0.0268660402953
2006-11-30,SL,993,542124.537117,14915.8771919,1,0.0275137466959
2006-11-30,SN,1171,667587.600627,18678.8606574,1,0.0279796398852
2006-12-31,BH,137,1849504.59281,60038.5929308,0,0.0324619863957
2006-12-31,BL,381,7458554.6249,24307.8986573,0,0.00325906289888
2006-12-31,BN,315,4958569.83453,101239.518351,1,0.0204170802729
2006-12-31,SH,1182,403880.131207,7405.41150461,1,0.0183356667794
2006-12-31,SL,985,551077.233583,-3877.9730842,1,-0.00703707728768
2006-12-31,SN,1160,677761.933041,5202.03109608,3,0.00767530727602
2007-01-31,BH,137,1907226.93909,23848.1766956,0,0.0125041106576
2007-01-31,BL,381,7472864.04771,145099.901249,0,0.0194169063324
2007-01-31,BN,312,4960819.63283,90251.1583635,0,0.0181927917246
2007-01-31,SH,1172,406925.844697,7719.70916265,1,0.0189708008554
2007-01-31,SL,974,541418.992164,14393.0983626,0,0.0265840293209
2007-01-31,SN,1141,667005.751181,5985.88647543,3,0.00897426516164
2007-02-28,BH,137,1927574.93346,-25761.4288749,0,-0.0133646834828
2007-02-28,BL,381,7614053.02461,-151724.532384,0,-0.0199269077708
2007-02-28,BN,310,5035041.49089,-80202.751471,0,-0.0159289157033
2007-02-28,SH,1163,410559.047188,-3785.22138318,0,-0.00921967597378
2007-02-28,SL,966,549201.789909,-943.96478634,0,-0.00171879408204
2007-02-28,SN,1132,668892.15462,-616.155764042,0,-0.000921158604996
2007-03-31,BH,136,1890146.57867,7417.95086858,0,0.0039245373625
2007-03-31,BL,381,7448226.05222,61427.9716485,1,0.00824732912478
2007-03-31,BN,307,4881400.3949,86463.5739553,1,0.0177128624904
2007-03-31,SH,1156,405828.089431,1587.05648872,2,0.00391066200208
2007-03-31,SL,960,544069.072693,9286.58008333,1,0.0170687520196
2007-03-31,SN,1124,665352.785823,7907.7171944,2,0.0118849990004
2007-04-30,BH,135,1888603.44561,73784.5502717,0,0.0390683128548
2007-04-30,BL,380,7497521.87022,366758.232202,0,0.0489172607363
2007-04-30,BN,306,4954471.84499,179975.482235,0,0.0363258663821
2007-04-30,SH,1139,404088.455158,3860.31723483,1,0.00955314903347
2007-04-30,SL,953,548727.450591,15526.2842062,0,0.0282950747032
2007-04-30,SN,1112,665223.007888,13709.6682366,2,0.0206091311846
2007-05-31,BH,135,1959094.74063,65772.2036956,0,0.033572752931
2007-05-31,BL,379,7856784.69201,251846.135492,0,0.0320546057153
2007-05-31,BN,304,5110725.13722,208515.183449,0,0.0407995299787
2007-05-31,SH,1130,405890.149775,12872.4253264,1,0.0317140618799
2007-05-31,SL,945,555817.616573,24604.9703198,0,0.0442680648942
2007-05-31,SN,1103,673806.358577,25758.7903262,4,0.0382287729974
2007-06-30,BH,135,2021379.31827,-41866.4967164,0,-0.0207118457866
2007-06-30,BL,378,8081933.56699,-88311.8656963,1,-0.0109270714693
2007-06-30,BN,303,5299505.64442,-123681.066941,1,-0.0233382272309
2007-06-30,SH,1121,414600.622009,-6962.49480015,0,-0.0167932570058
2007-06-30,SL,941,576421.622866,-3989.62107408,1,-0.00692135915069
2007-06-30,SN,1085,685298.44392,-7619.65160553,0,-0.0111187347252
2007-07-31,BH,154,2330198.40518,-125195.256543,0,-0.0537272947507
2007-07-31,BL,368,7548045.00407,-104785.301196,0,-0.0138824425582
2007-07-31,BN,309,5221725.42051,-219977.979839,1,-0.0421274506267
2007-07-31,SH,1173,426440.263948,-34710.9258054,2,-0.0813969241179
2007-07-31,SL,944,570297.271228,-27916.8683333,1,-0.0489514324225
2007-07-31,SN,1236,728356.653926,-42134.7880759,0,-0.0578491153321
2007-08-31,BH,153,2192298.62268,2175.63688942,0,0.000992399879702
2007-08-31,BL,367,7432523.65135,115411.818433,0,0.0155279449952
2007-08-31,BN,307,4991539.38938,99394.0622627,0,0.0199125068459
2007-08-31,SH,1159,384870.104177,-2865.2477002,3,-0.00744471360363
2007-08-31,SL,937,539988.168981,9607.74794236,1,0.0177925156407
2007-08-31,SN,1225,674371.820163,15753.5767663,2,0.0233603722684
2007-09-30,BH,153,2191087.72091,67766.1500618,0,0.0309280862719
2007-09-30,BL,366,7524309.43069,373756.157857,0,0.0496731509118
2007-09-30,BN,304,5038454.95765,112080.252708,2,0.0222449647065
2007-09-30,SH,1150,376738.184565,-342.915521155,2,-0.000910222364508
2007-09-30,SL,932,546551.914042,14105.3246236,2,0.0258078405018
2007-09-30,SN,1214,683100.534997,6743.7095989,2,0.00987220658367
2007-10-31,BH,152,2252595.08851,17683.8550474,0,0.00785043665305
2007-10-31,BL,361,7816770.83367,234003.22778,0,0.0299360481149
2007-10-31,BN,300,5121117.33803,68897.9178902,0,0.0134536885883
2007-10-31,SH,1143,372846.857413,901.36807892,1,0.00241752896933
2007-10-31,SL,923,555964.072922,20503.8887677,1,0.0368798808526
2007-10-31,SN,1201,678997.01067,12623.9895226,1,0.0185921135501
2007-11-30,BH,151,2261209.93495,-106487.529244,0,-0.047093163531
2007-11-30,BL,359,8034601.0446,-244845.950125,0,-0.0304739399961
2007-11-30,BN,296,5148570.28111,-280196.662131,0,-0.0544222273043
2007-11-30,SH,1132,370728.465909,-29307.5989204,3,-0.079054083016
2007-11-30,SL,912,566102.230702,-41124.6465951,0,-0.0726452650507
2007-11-30,SN,1189,683452.047745,-43565.8997033,2,-0.0637439010492
2007-12-31,BH,150,2146818.38288,1543.56292765,0,0.000719000237727
2007-12-31,BL,357,7766246.19969,-31483.3751845,0,-0.00405387292329
2007-12-31,BN,294,4839232.38217,-54992.7210814,0,-0.0113639347604
2007-12-31,SH,1117,336535.668995,-3369.43696759,0,-0.0100121243542
2007-12-31,SL,905,520548.761761,517.452056863,1,0.000994051076237
2007-12-31,SN,1179,633163.168816,-4018.50888426,2,-0.0063467192695
2008-01-31,BH,150,2145851.85704,-80273.8770999,0,-0.0374088625161
2008-01-31,BL,357,7723243.92156,-559042.837391,0,-0.0723844595702
2008-01-31,BN,293,4757485.16914,-230035.270868,0,-0.0483522833366
2008-01-31,SH,1112,331863.141981,-12550.571485,1,-0.0378185158198
2008-01-31,SL,899,514501.598674,-43904.2544691,1,-0.0853335627765
2008-01-31,SN,1169,621268.232628,-40610.0732844,0,-0.0653664088257
2008-02-29,BH,150,2060658.93287,-81328.9991889,0,-0.0394674722204
2008-02-29,BL,356,7156719.52827,-145874.448366,0,-0.0203828650529
2008-02-29,BN,293,4520870.48365,-172032.145857,0,-0.038052880851
2008-02-29,SH,1101,315637.449657,-12410.1352326,1,-0.0393176894758
2008-02-29,SL,892,465629.490832,-20941.7233877,1,-0.044975079543
2008-02-29,SN,1162,573402.009071,-15809.6116647,0,-0.0275716014499
2008-03-31,BH,150,1975282.86154,-21441.9139352,0,-0.0108551106035
2008-03-31,BL,355,6990454.76712,44263.2697773,0,0.0063319585423
2008-03-31,BN,292,4332365.4355,-105867.55969,0,-0.0244364334602
2008-03-31,SH,1092,302449.27602,448.879094714,1,0.00148414669931
2008-03-31,SL,886,443979.301709,-7861.21036927,0,-0.0177062541858
2008-03-31,SN,1151,551269.234606,6095.24792092,1,0.0110567532855
2008-04-30,BH,150,1950825.2798,107640.176662,0,0.0551767386738
2008-04-30,BL,353,7012907.89583,263525.26113,0,0.0375771741259
2008-04-30,BN,292,4216533.6353,247273.847609,0,0.0586438693479
2008-04-30,SH,1083,298687.754418,5022.2002062,4,0.0168142152864
2008-04-30,SL,879,435128.917343,21147.6426928,2,0.0486008671221
2008-04-30,SN,1139,553264.341653,19098.7148671,2,0.0345200538499
2008-05-31,BH,149,2045954.11317,41415.6575685,1,0.0202427108712
2008-05-31,BL,353,7271298.78723,170074.756618,0,0.023389873198
2008-05-31,BN,292,4459330.54456,26649.4371442,0,0.00597610714835
2008-05-31,SH,1069,301534.781356,8732.49182941,2,0.0289601477817
2008-05-31,SL,870,449316.038857,24714.6716877,0,0.0550050956351
2008-05-31,SN,1130,569887.451357,29851.8939756,0,0.0523820868568
2008-06-30,BH,148,2082578.73911,-215805.485972,0,-0.103624166481
2008-06-30,BL,352,7413794.63358,-513949.601521,0,-0.0693234203161
2008-06-30,BN,292,4474852.76636,-430145.882573,1,-0.0961251475818
2008-06-30,SH,1060,307140.762783,-28049.1809324,2,-0.0913235373849
2008-06-30,SL,868,473385.114437,-35190.9939861,1,-0.0743390379478
2008-06-30,SN,1122,596667.468501,-43257.858466,0,-0.0724991067045
2008-07-31,BH,116,1154294.49359,79381.8562694,0,0.0687708870745
2008-07-31,BL,411,7486564.45784,-75801.317037,0,-0.0101249802181
2008-07-31,BN,312,4109031.02704,-127104.964061,0,-0.0309330747869
2008-07-31,SH,1356,339873.94993,17396.6877085,2,0.0511857049125
2008-07-31,SL,814,368303.024313,9356.54709904,1,0.0254044807709
2008-07-31,SN,1121,486713.716156,14815.6983702,1,0.0304402729539
2008-08-31,BH,115,1216729.12362,9576.67170471,0,0.00787083297243
2008-08-31,BL,410,7397777.11874,106202.405117,0,0.0143559887534
2008-08-31,BN,311,3971851.34634,53121.2368745,0,0.0133744272488
2008-08-31,SH,1340,353601.605365,24006.5392791,4,0.0678914883724
2008-08-31,SL,805,375202.771483,11909.4395828,0,0.03174134225
2008-08-31,SN,1116,498777.688709,19221.2128634,2,0.0385366332506
2008-09-30,BH,113,1215069.38549,-24461.5067094,0,-0.0201317776594
2008-09-30,BL,409,7486226.95779,-739279.271064,0,-0.0987519180532
2008-09-30,BN,307,3993076.94261,-387090.044828,0,-0.0969402920084
2008-09-30,SH,1330,376178.000563,-25751.172221,1,-0.0684547532883
2008-09-30,SL,800,386875.825945,-42199.0035032,1,-0.109076351308
2008-09-30,SN,1107,516177.17852,-37894.1697745,0,-0.0734131057152
2008-10-31,BH,112,1182876.53988,-252804.611074,0,-0.213720200333
2008-10-31,BL,408,6720071.51655,-1044073.09041,0,-0.155366365944
2008-10-31,BN,307,3600617.5695,-626512.070287,0,-0.174001281223
2008-10-31,SH,1314,346856.556711,-70963.7289639,7,-0.204590997607
2008-10-31,SL,794,343322.355958,-75740.1583003,0,-0.220609456349
2008-10-31,SN,1095,469401.981402,-90608.3697349,1,-0.193029372105
2008-11-30,BH,111,916909.138801,-147353.755294,0,-0.160707041798
2008-11-30,BL,405,5614554.42928,-355488.297175,0,-0.0633154957624
2008-11-30,BN,307,2966684.24132,-189150.607275,0,-0.0637582539592
2008-11-30,SH,1295,272826.786763,-38684.3817642,0,-0.141790995756
2008-11-30,SL,790,265024.986824,-31699.6877138,0,-0.119610185038
2008-11-30,SN,1089,377262.403365,-42306.0381225,0,-0.112139555241
2008-12-31,BH,110,762172.386483,9054.62586228,3,0.0118800234997
2008-12-31,BL,404,5237592.01763,88447.4665154,0,0.0168870477536
2008-12-31,BN,306,2763474.6903,34635.9646584,1,0.0125334835814
2008-12-31,SH,1282,230166.357452,12621.9493371,4,0.0548383763675
2008-12-31,SL,783,232462.318401,11898.9017976,0,0.051186368094
2008-12-31,SN,1081,331741.809049,14685.2143667,0,0.0442669991122
2009-01-31,BH,106,749586.058268,-148974.266109,0,-0.198742044981
2009-01-31,BL,404,5313725.34707,-279383.620384,0,-0.0525777307135
2009-01-31,BN,305,2779772.58163,-260121.986255,0,-0.0935767148629
2009-01-31,SH,1270,241928.512926,-37712.7824553,1,-0.155883992338
2009-01-31,SL,776,242735.59072,-18675.6689441,0,-0.0769383216063
2009-01-31,SN,1079,345691.431219,-35470.2312488,2,-0.102606625579
2009-02-28,BH,105,594881.999518,-98564.2363618,0,-0.165687037835
2009-02-28,BL,404,5030809.274,-417269.3038,0,-0.0829427793966
2009-02-28,BN,305,2514081.32013,-294001.928037,0,-0.116942091603
2009-02-28,SH,1258,203930.393739,-29702.9999747,0,-0.145652638776
2009-02-28,SL,769,223816.08455,-21851.268219,1,-0.0976304641509
2009-02-28,SN,1069,307286.116639,-35676.4730112,1,-0.116101805709
2009-03-31,BH,105,494996.244811,68779.4586293,0,0.138949455375
2009-03-31,BL,403,4508766.1825,375222.82388,0,0.0832207323895
2009-03-31,BN,305,2212024.82016,194121.196177,0,0.0877572414233
2009-03-31,SH,1242,173597.884951,18486.0728861,0,0.106487892357
2009-03-31,SL,765,201767.148559,18544.1117177,0,0.0919084789084
2009-03-31,SN,1059,270208.919839,28534.2502822,0,0.105600697043
2009-04-30,BH,105,551107.274499,92651.4180541,0,0.168118662811
2009-04-30,BL,402,4859853.0056,388463.93415,0,0.0799332682907
2009-04-30,BN,305,2401679.65883,252117.597771,0,0.104975531122
2009-04-30,SH,1229,191520.939825,33633.8506907,0,0.175614482268
2009-04-30,SL,760,219886.154726,35327.0656989,0,0.160660709824
2009-04-30,SN,1047,297821.948768,49848.2925322,0,0.167376154573
2009-05-31,BH,105,642614.86002,41454.6447787,0,0.0645093155447
2009-05-31,BL,402,5242458.33236,240191.082698,0,0.0458164981905
2009-05-31,BN,305,2647997.63285,155043.010442,0,0.0585510381575
2009-05-31,SH,1220,224594.027949,5599.5343772,2,0.0249318044133
2009-05-31,SL,752,255025.565408,9110.44779533,0,0.0357236647266
2009-05-31,SN,1040,347333.73358,10595.1064108,2,0.0305041099856
2009-06-30,BH,105,682602.655714,1409.23039297,0,0.00206449591306
2009-06-30,BL,402,5468554.69093,46141.0365345,1,0.00843751944385
2009-06-30,BN,305,2796223.56492,-23014.9780873,0,-0.00823073604559
2009-06-30,SH,1201,228962.67979,1311.6297664,0,0.00572857448911
2009-06-30,SL,749,262838.452052,14421.8625383,0,0.0548696829773
2009-06-30,SN,1031,356602.965649,6239.07100379,0,0.0174958472161
2009-07-31,BH,118,869505.3004,86061.8844787,0,0.0989779871832
2009-07-31,BL,384,5435893.87014,363171.546535,0,0.0668099038007
2009-07-31,BN,324,2877127.68547,240308.518281,0,0.0835237586063
2009-07-31,SH,1376,217550.913694,29421.9661707,1,0.135241749488
2009-07-31,SL,644,257194.361112,18415.3901042,1,0.0716010647536
2009-07-31,SN,1006,360700.390039,36425.9780801,1,0.10098679981
2009-08-31,BH,118,955032.916207,93238.1653735,0,0.0976282218039
2009-08-31,BL,384,5792090.86903,101245.902041,0,0.0174800265275
2009-08-31,BN,324,3112247.64952,120810.180473,0,0.0388176630134
2009-08-31,SH,1365,245263.128117,19835.354217,0,0.0808737716479
2009-08-31,SL,643,273851.928597,2519.46367512,0,0.00920009469358
2009-08-31,SN,1000,395542.534726,11618.2338667,0,0.0293729064429
2009-09-30,BH,118,1046896.43856,44854.2703518,0,0.0428449927803
2009-09-30,BL,384,5877678.39882,198432.013785,0,0.0337602706921
2009-09-30,BN,324,3227643.76727,151237.35611,0,0.0468568922146
2009-09-30,SH,1354,264732.282998,19963.5874098,2,0.0754104757597
2009-09-30,SL,639,272888.08804,16986.563385,0,0.0622473612058
2009-09-30,SN,996,405828.514923,23443.3999594,0,0.0577667637865
2009-10-31,BH,118,1090895.19476,-73665.033206,0,-0.0675271406086
2009-10-31,BL,382,5998124.15531,-29483.9482107,0,-0.00491552816302
2009-10-31,BN,322,3367216.00024,-95976.3979953,0,-0.0285031901691
2009-10-31,SH,1343,283841.940549,-26266.1445799,2,-0.0925379263158
2009-10-31,SL,635,287206.237387,-20214.0370416,0,-0.0703816087894
2009-10-31,SN,983,424318.236358,-25710.0625663,0,-0.0605914626413
2009-11-30,BH,118,1016786.05227,39371.6904979,0,0.0387217059182
2009-11-30,BL,381,5915535.20772,396415.199506,0,0.0670125670098
2009-11-30,BN,320,3242099.43851,154821.23331,0,0.0477533882741
2009-11-30,SH,1323,255962.332286,10508.6616137,1,0.0410555003147
2009-11-30,SL,632,266693.456196,5210.64161829,0,0.0195379432725
2009-11-30,SN,975,396247.938998,7782.35634941,0,0.0196401181772
2009-12-31,BH,117,1047988.62267,17228.209575,0,0.0164393097428
2009-12-31,BL,380,6292526.2263,120620.319639,2,0.0191688227114
2009-12-31,BN,320,3390551.79222,107876.520457,0,0.0318168035967
2009-12-31,SH,1309,265610.346197,22468.8338129,0,0.0845932176009
2009-12-31,SL,628,271078.983052,23448.4163815,0,0.0865003111546
2009-12-31,SN,969,401594.605234,31670.4051199,0,0.0788616298803
2010-01-31,BH,116,1057600.90422,-47195.9670707,0,-0.0446254980326
2010-01-31,BL,378,6396649.03806,-270347.75217,0,-0.0422639651733
2010-01-31,BN,319,3482748.18059,-70235.8265238,0,-0.0201667829203
2010-01-31,SH,1299,287070.016579,-7882.69995796,1,-0.027459154571
2010-01-31,SL,624,292010.417188,-10190.8990096,0,-0.0348990940383
2010-01-31,SN,964,430253.037928,-13421.6412511,1,-0.0311947623096
2010-02-28,BH,116,1010016.26378,53377.6736437,0,0.0528483308216
2010-02-28,BL,377,6086786.38117,185782.506178,1,0.0305222648773
2010-02-28,BN,318,3402811.10855,102102.419633,1,0.030005315128
2010-02-28,SH,1288,278406.108982,20275.3942282,1,0.0728266858165
2010-02-28,SL,621,281509.894707,9763.90046316,0,0.0346840400524
2010-02-28,SN,956,415094.925395,16535.7110899,0,0.0398359750464
2010-03-31,BH,116,1061953.6439,81042.5301051,0,0.0763145647374
2010-03-31,BL,375,6244844.23459,327634.494499,0,0.0524647985107
2010-03-31,BN,316,3491142.75039,235666.212557,0,0.067504032177
2010-03-31,SH,1275,298106.79685,27300.1447167,1,0.0915784041329
2010-03-31,SL,618,289221.14617,20159.5255252,0,0.0697028062858
2010-03-31,SN,953,431026.916847,34257.8340558,0,0.0794795701077
2010-04-30,BH,115,1139058.62702,14209.5774814,0,0.0124748429487
2010-04-30,BL,375,6561775.11836,53037.7260706,0,0.00808283202547
2010-04-30,BN,314,3711152.91131,100348.751184,0,0.0270397780911
2010-04-30,SH,1258,322668.183413,29481.9348497,3,0.0913692033031
2010-04-30,SL,617,308553.602933,11637.8504286,1,0.0377174348896
2010-04-30,SN,947,462768.978936,29177.6539014,0,0.0630501507868
2010-05-31,BH,115,1152885.64983,-89933.1838606,0,-0.0780070286016
2010-05-31,BL,375,6608317.17523,-489488.676359,1,-0.0740716075484
2010-05-31,BN,314,3807288.06106,-323408.393013,0,-0.0849445557641
2010-05-31,SH,1248,351567.120372,-36429.3371505,2,-0.10361986386
2010-05-31,SL,613,317281.470811,-19003.7571721,1,-0.059895578281
2010-05-31,SN,943,488737.451809,-34654.5054409,1,-0.0709061794071
2010-06-30,BH,115,1061485.56734,-91335.0116431,0,-0.0860445157742
2010-06-30,BL,373,6093957.9489,-268203.079947,1,-0.0440113112359
2010-06-30,BN,313,3452979.0444,-196014.224316,0,-0.0567666996515
2010-06-30,SH,1244,314934.340624,-34824.2067119,3,-0.110576085932
2010-06-30,SL,609,296113.306047,-17761.7903378,0,-0.0599830874705
2010-06-30,SN,940,453047.146421,-33314.0821549,1,-0.0735333671519
2010-07-31,BH,145,1446764.62402,99272.039996,0,0.0686165796065
2010-07-31,BL,382,5652896.03047,378736.405012,0,0.0669986504211
2010-07-31,BN,304,3209022.49886,246921.855173,0,0.0769461277572
2010-07-31,SH,1233,274835.714335,19745.1451515,0,0.0718434472727
2010-07-31,SL,725,320027.972338,22024.1133604,0,0.0688193385082
2010-07-31,SN,880,403054.38435,27322.4612227,0,0.0677885225508
2010-08-31,BH,144,1533540.05742,-112710.109629,0,-0.0734966844092
2010-08-31,BL,382,6026903.77758,-250504.113251,0,-0.0415643127045
2010-08-31,BN,304,3449826.84727,-135665.951554,0,-0.0393254379307
2010-08-31,SH,1228,293931.141539,-25307.6339508,0,-0.0861005534095
2010-08-31,SL,720,338315.251941,-23276.3289097,0,-0.0688007081448
2010-08-31,SN,874,426961.087775,-32410.5043161,0,-0.075909738016
2010-09-30,BH,144,1419060.12986,99551.7913365,1,0.0701533284193
2010-09-30,BL,381,5756724.56919,577361.777473,1,0.10029345169
2010-09-30,BN,304,3307089.29188,300126.174544,1,0.0907523650121
2010-09-30,SH,1221,267817.257948,28929.3697599,2,0.108019064871
2010-09-30,SL,714,312359.75459,44321.2680748,0,0.141891736767
2010-09-30,SN,869,392808.505863,49869.5257863,0,0.1269563287
2010-10-31,BH,143,1513570.63519,16290.9862938,0,0.0107632811545
2010-10-31,BL,378,6314577.81935,288330.657259,0,0.0456611139347
2010-10-31,BN,302,3593992.00844,143283.807506,0,0.0398675921286
2010-10-31,SH,1214,295294.492959,10487.9782141,0,0.0355170125561
2010-10-31,SL,707,353902.194331,15794.8717128,0,0.0446306125417
2010-10-31,SN,865,441094.569121,19020.4897484,0,0.0431211152437
2010-11-30,BH,142,1525731.33826,-19901.2704276,0,-0.0130437580514
2010-11-30,BL,377,6587915.21987,30905.2249355,0,0.00469119955313
2010-11-30,BN,301,3728975.4009,11971.5254109,0,0.00321040610997
2010-11-30,SH,1200,304005.852803,9795.28217743,6,0.0322207026185
2010-11-30,SL,698,363832.537237,13305.7114626,0,0.0365709773064
2010-11-30,SN,862,457727.134844,19442.6621448,0,0.0424765338665
2010-12-31,BH,142,1502878.79841,174009.885312,0,0.115784376955
2010-12-31,BL,377,6602458.69438,327144.108347,0,0.0495488307448
2010-12-31,BN,301,3732630.07826,289110.956735,0,0.0774550251895
2010-12-31,SH,1180,309240.956015,28490.2118048,5,0.0921294907763
2010-12-31,SL,692,373487.063135,27870.5671208,0,0.0746225769827
2010-12-31,SN,852,471147.595333,38799.5689479,0,0.0823511980794
2011-01-31,BH,142,1674192.74461,49686.4895469,0,0.0296778789103
2011-01-31,BL,377,6919318.22076,138926.363969,0,0.0200780423066
2011-01-31,BN,300,4010428.91192,101875.207951,0,0.025402571692
2011-01-31,SH,1168,335602.215693,1391.42219533,0,0.00414604591468
2011-01-31,SL,688,399141.947656,510.233699357,0,0.00127832642586
2011-01-31,SN,847,503188.675818,1674.00481476,1,0.00332679349757
2011-02-28,BH,142,1722548.41885,74732.8336803,0,0.0433850409443
2011-02-28,BL,377,7052971.38244,179131.587495,1,0.0253980312384
2011-02-28,BN,298,4098827.42478,179892.382146,1,0.0438887426825
2011-02-28,SH,1162,334800.377177,18706.7694609,0,0.0558743978087
2011-02-28,SL,685,398252.737697,21905.5786768,0,0.0550042136645
2011-02-28,SN,839,502828.051123,27057.5760232,1,0.0538107927009
2011-03-31,BH,142,1794287.43969,-23010.2541794,0,-0.0128241739146
2011-03-31,BL,375,7206330.82905,14488.3453433,0,0.00201050238838
2011-03-31,BN,296,4262228.6203,58291.6663939,0,0.013676334985
2011-03-31,SH,1154,352233.49917,5547.50568941,2,0.0157495119076
2011-03-31,SL,681,418849.505134,13802.2228771,0,0.0329527018844
2011-03-31,SN,835,527430.332217,14962.5254951,0,0.0283687239455
2011-04-30,BH,142,1769417.4743,23169.5104862,0,0.0130944284335
2011-04-30,BL,375,7210125.39539,269685.497278,0,0.0374037180339
2011-04-30,BN,294,4291889.6292,116316.906669,0,0.0271015605521
2011-04-30,SH,1142,355237.38411,3700.18075516,3,0.0104160792773
2011-04-30,SL,676,430130.571725,15704.8951576,0,0.0365119249595
2011-04-30,SN,825,540090.489489,12362.5606183,0,0.0228897950601
2011-05-31,BH,142,1790184.78118,-50522.8107171,0,-0.0282221205589
2011-05-31,BL,374,7471135.6138,-41779.3093541,0,-0.00559209623727
2011-05-31,BN,293,4398360.59044,-59547.5664713,1,-0.0135385822165
2011-05-31,SH,1131,354725.072348,-11178.177519,1,-0.0315122284562
2011-05-31,SL,672,443217.738259,-8231.77486812,0,-0.018572755911
2011-05-31,SN,819,547295.511839,-11812.3507935,1,-0.0215831311203
2011-06-30,BH,141,1734025.77702,-38073.4251883,0,-0.0219566662117
2011-06-30,BL,371,7398680.85986,-107391.761917,0,-0.0145149877325
2011-06-30,BN,291,4317467.97931,-73952.6655572,0,-0.0171287119931
2011-06-30,SH,1113,335989.04381,-7196.31333612,2,-0.0214182976162
2011-06-30,SL,665,431319.590192,-8921.55289854,1,-0.020684321096
2011-06-30,SN,810,530630.753888,-9717.9439071,1,-0.018313947761
2011-07-31,BH,150,2146238.67688,-87088.8463562,0,-0.040577428454
2011-07-31,BL,380,6470573.08972,-52737.5814909,0,-0.00815037258055
2011-07-31,BN,289,4645217.66272,-140196.87564,0,-0.0301809055721
2011-07-31,SH,1164,354836.747335,-11108.1371009,0,-0.0313049231353
2011-07-31,SL,723,456851.856342,-20339.5151677,0,-0.0445210299255
2011-07-31,SN,836,511393.237321,-20981.8442658,0,-0.0410287871145
2011-08-31,BH,150,2056586.87728,-184238.438084,0,-0.0895845636861
2011-08-31,BL,380,6412917.04049,-256533.156042,0,-0.0400025689436
2011-08-31,BN,288,4486916.77892,-290788.664644,0,-0.0648081252609
2011-08-31,SH,1156,341989.999088,-33314.0375325,0,-0.0974123150423
2011-08-31,SL,720,432909.94567,-39371.1544917,1,-0.0909453683972
2011-08-31,SN,836,490218.300557,-42459.7186043,1,-0.0866138994731
2011-09-30,BH,150,1868474.4788,-203329.344214,0,-0.108821044397
2011-09-30,BL,378,6126535.1436,-387656.977728,0,-0.0632750761469
2011-09-30,BN,288,4184607.77043,-294035.380904,1,-0.0702659357903
2011-09-30,SH,1151,306599.606561,-32156.3702709,1,-0.104880663845
2011-09-30,SL,716,390612.366354,-43354.3184067,0,-0.110990644796
2011-09-30,SN,834,445443.679627,-51305.4932989,0,-0.115178406711
2011-10-31,BH,150,1663141.85537,214986.918376,0,0.129265532992
2011-10-31,BL,378,5732108.35299,561582.16854,0,0.0979713107215
2011-10-31,BN,286,3873496.33987,467518.655274,0,0.120696810905
2011-10-31,SH,1141,271538.139874,35381.2938076,1,0.130299536647
2011-10-31,SL,713,345373.367075,53263.0452422,0,0.154218739254
2011-10-31,SN,830,391760.017406,60115.5233756,1,0.153449869064
2011-11-30,BH,150,1875306.45697,-57063.6806113,0,-0.0304289895655
2011-11-30,BL,377,6282455.39173,-1744.69334325,0,-0.000277708831096
2011-11-30,BN,284,4325547.41369,37376.3057104,0,0.00864082672915
2011-11-30,SH,1129,305490.915364,-273.99506789,2,-0.000896900870402
2011-11-30,SL,710,397848.368023,-7068.8161808,1,-0.0177676138674
2011-11-30,SN,821,449125.059759,-1155.93977327,0,-0.00257375924178
2011-12-31,BH,150,1812658.97336,32834.9613942,0,0.0181142519783
2011-12-31,BL,375,6255053.14347,-6144.95768027,0,-0.000982398956383
2011-12-31,BN,282,4344565.47821,82309.9550599,0,0.0189454976505
2011-12-31,SH,1118,302123.056965,3567.81760564,3,0.0118091536657
2011-12-31,SL,706,389188.531863,-2204.53338235,1,-0.00566443561889
2011-12-31,SN,819,447049.379511,3402.77823639,0,0.0076116384282
2012-01-31,BH,149,1839083.80409,116917.160484,0,0.0635735904064
2012-01-31,BL,373,6206470.87086,337499.597421,0,0.0543786645331
2012-01-31,BN,282,4416885.53999,146660.21246,0,0.0332044403533
2012-01-31,SH,1105,303635.679832,17757.0125291,0,0.0584813106909
2012-01-31,SL,703,383634.324542,31806.1369838,1,0.0829074328053
2012-01-31,SN,815,448176.737614,29969.787145,0,0.0668704656663
2012-02-29,BH,149,1953736.04698,128388.918162,0,0.0657145668985
2012-02-29,BL,370,6528756.50217,303710.017526,0,0.0465188152484
2012-02-29,BN,281,4554318.97795,165718.009663,0,0.0363870011007
2012-02-29,SH,1099,320495.856738,9265.51980159,1,0.0289099518974
2012-02-29,SL,696,411622.334377,14830.8746798,0,0.0360302963206
2012-02-29,SN,812,477051.354261,11580.975877,1,0.0242761618294
2012-03-31,BH,146,2061765.36926,113354.228863,0,0.054979208863
2012-03-31,BL,370,6819292.08685,252225.137455,1,0.0369869972194
2012-03-31,BN,281,4705231.58468,61740.5088396,0,0.0131216727016
2012-03-31,SH,1092,328540.561958,9924.46286704,2,0.0302077247567
2012-03-31,SL,692,424383.341645,9794.07541045,0,0.0230783691284
2012-03-31,SN,809,487727.33607,13717.0146866,1,0.028124350784
2012-04-30,BH,146,2171525.58379,-58563.1945796,0,-0.0269686873674
2012-04-30,BL,369,7032253.992,-33397.0556822,0,-0.00474912534731
2012-04-30,BN,279,4737335.29545,-6382.68376801,0,-0.00134731518247
2012-04-30,SH,1086,337150.233199,-2725.19573593,1,-0.00808303084969
2012-04-30,SL,690,431621.701328,-6008.98612355,1,-0.0139218813722
2012-04-30,SN,801,497166.506948,-10316.4327377,1,-0.0207504580328
2012-05-31,BH,145,2105636.19835,-180575.265908,0,-0.0857580554747
2012-05-31,BL,368,6969650.01927,-384989.181621,0,-0.0552379503356
2012-05-31,BN,278,4720851.68066,-280950.450287,0,-0.0595126619712
2012-05-31,SH,1079,329787.747012,-20131.5868602,2,-0.0610440716571
2012-05-31,SL,687,425309.334689,-28153.7975725,0,-0.0661960490313
2012-05-31,SN,795,484384.053586,-30028.6629059,1,-0.0619935001651
2012-06-30,BH,145,1920391.62241,98344.933687,0,0.0512108741463
2012-06-30,BL,368,6568615.84572,193740.168948,0,0.0294948240998
2012-06-30,BN,277,4423577.35829,204660.177678,0,0.0462657620974
2012-06-30,SH,1065,307277.061288,15349.0004729,1,0.0499516638454
2012-06-30,SL,684,395882.54221,23811.368439,2,0.0601475586827
2012-06-30,SN,793,452925.880337,17869.0601635,2,0.0394525041276
2012-07-31,BH,134,1650589.19807,-14617.5327352,0,-0.00885594838031
2012-07-31,BL,411,7658157.01381,96035.9618788,1,0.0125403490299
2012-07-31,BN,283,3987103.68081,58897.0771434,0,0.0147718950543
2012-07-31,SH,1205,349254.251972,-5255.49205885,1,-0.0150477539763
2012-07-31,SL,621,367927.415998,-11209.2836667,0,-0.030466019055
2012-07-31,SN,784,446014.052796,-3680.22042778,2,-0.00825135532101
2012-08-31,BH,134,1633954.48255,87425.2496227,0,0.0535053152069
2012-08-31,BL,408,7736060.34683,181881.952573,0,0.023510927322
2012-08-31,BN,283,4039889.25927,75796.1476784,0,0.0187619369775
2012-08-31,SH,1198,343392.307439,12269.4082483,0,0.0357300032136
2012-08-31,SL,619,355096.675547,12482.4442774,0,0.0351522420146
2012-08-31,SN,776,439664.517602,15254.1680437,0,0.0346950172985
2012-09-30,BH,134,1717618.32536,73306.8773814,0,0.0426793754462
2012-09-30,BL,408,7895586.26065,152389.349268,1,0.0193005743003
2012-09-30,BN,282,4104250.08057,128965.525671,1,0.0314224336089
2012-09-30,SH,1182,352795.405671,14403.8990068,1,0.0408279098176
2012-09-30,SL,617,367258.090532,12528.5984486,0,0.0341138800521
2012-09-30,SN,773,453938.778914,16334.9157502,2,0.0359848431308
2012-10-31,BH,134,1788517.61248,36656.3107394,0,0.0204953591084
2012-10-31,BL,406,8029011.1459,-199274.648585,0,-0.0248193264356
2012-10-31,BN,281,4219797.70085,-76952.2183107,0,-0.0182359970231
2012-10-31,SH,1169,361610.075657,-2408.12805993,2,-0.00665946062357
2012-10-31,SL,612,375944.714488,-15055.3960183,0,-0.0400468351812
2012-10-31,SN,767,464397.846372,-6114.82765726,1,-0.0131672179469
2012-11-30,BH,134,1823102.535,-10373.4192569,0,-0.00568998125874
2012-11-30,BL,405,7817815.9336,87852.458233,0,0.0112374682365
2012-11-30,BN,281,4136323.28796,11292.2517161,0,0.00273002155053
2012-11-30,SH,1157,357280.295603,2326.96924754,2,0.00651300750748
2012-11-30,SL,612,360713.407396,4304.03742428,0,0.0119320139924
2012-11-30,SN,763,457241.840067,5334.0775625,0,0.0116657687357
2012-12-31,BH,134,1807316.99524,97418.3488054,0,0.0539021926215
2012-12-31,BL,405,7879859.66245,-11506.4430851,0,-0.00146023451914
2012-12-31,BN,280,4131035.03037,51579.8825205,0,0.0124859465343
2012-12-31,SH,1140,353363.006134,16128.6586257,0,0.0456433139455
2012-12-31,SL,604,355860.214203,9041.89692711,0,0.0254085637176
2012-12-31,SN,759,457626.584976,15325.1230298,0,0.0334882708588
2013-01-31,BH,134,1900495.57196,138635.307573,0,0.0729469248015
2013-01-31,BL,405,7845429.03558,355548.384777,0,0.0453191767034
2013-01-31,BN,278,4162365.4281,253954.026432,0,0.0610119488111
2013-01-31,SH,1133,365295.323827,21606.5804097,3,0.0591482534826
2013-01-31,SL,602,362205.998325,24228.8481606,0,0.0668924542184
2013-01-31,SN,757,467258.88371,29203.6467587,0,0.0624999283625
2013-02-28,BH,134,2035806.56132,19372.7404297,1,0.00951600255045
2013-02-28,BL,405,8193730.28144,113327.259551,0,0.0138309726654
2013-02-28,BN,278,4409666.55892,59727.8936022,0,0.0135447641685
2013-02-28,SH,1125,385363.249893,4347.05867367,0,0.0112804183452
2013-02-28,SL,598,382600.504285,3559.17383525,0,0.00930258532173
2013-02-28,SN,752,486712.602693,4083.73170324,1,0.00839043756141
2013-03-31,BH,133,2048045.02683,88145.5601581,0,0.0430388780537
2013-03-31,BL,405,8285699.66928,313420.559323,0,0.0378266859569
2013-03-31,BN,278,4458788.22152,180318.721822,0,0.0404411945272
2013-03-31,SH,1116,387357.591018,17121.714022,2,0.0442013127379
2013-03-31,SL,595,384559.231736,18834.7772948,1,0.0489775715686
2013-03-31,SN,747,488998.644026,22713.7150774,1,0.0464494438888
2013-04-30,BH,133,2133153.46046,49967.0444085,0,0.0234240270729
2013-04-30,BL,405,8587387.48826,156188.279607,0,0.0181881020067
2013-04-30,BN,278,4631478.8749,60960.5042117,0,0.0131622114358
2013-04-30,SH,1103,402076.863611,-1495.2291305,1,-0.00371876441005
2013-04-30,SL,591,397658.445494,-3138.49163905,0,-0.00789243048805
2013-04-30,SN,742,509032.617901,-4482.86260471,0,-0.00880663133767
2013-05-31,BH,132,2174057.07003,154788.270055,0,0.0711978872076
2013-05-31,BL,405,8735814.05541,170840.194313,0,0.0195562993019
2013-05-31,BN,277,4680375.06912,70376.7747145,0,0.0150365672997
2013-05-31,SH,1096,399695.941709,21008.2908934,2,0.0525606810106
2013-05-31,SL,588,393992.279611,18992.4445037,0,0.0482051184415
2013-05-31,SN,736,500558.691261,26944.5338087,0,0.0538289201229
2013-06-30,BH,132,2321515.70747,-38616.6763988,0,-0.0166342516118
2013-06-30,BL,402,8827174.90356,-153132.449519,0,-0.0173478435844
2013-06-30,BN,276,4737199.61529,-20694.4660222,0,-0.00436850200601
2013-06-30,SH,1088,418658.602228,-2583.32984564,0,-0.00617049269234
2013-06-30,SL,583,410762.064628,-1698.82194629,1,-0.00413578100945
2013-06-30,SN,732,524886.041088,1142.57999642,0,0.00217681535987
2013-07-31,BH,141,2260116.00548,150681.315073,0,0.066669726115
2013-07-31,BL,399,7682023.46782,430432.597308,0,0.0560311484482
2013-07-31,BN,292,5565489.42888,274948.867969,0,0.0494024598344
2013-07-31,SH,1130,437044.456179,35372.7502333,1,0.0809362748645
2013-07-31,SL,602,423426.031491,31280.9226091,0,0.0738757664449
2013-07-31,SN,760,537569.451108,38092.0914496,0,0.0708598514501
2013-08-31,BH,141,2408390.26306,-106244.325488,0,-0.0441142480593
2013-08-31,BL,399,8103054.82641,-139841.609926,0,-0.0172578876635
2013-08-31,BN,292,5830966.46674,-185406.221553,0,-0.0317968252108
2013-08-31,SH,1123,471154.263342,-18044.9869736,2,-0.0382995302762
2013-08-31,SL,599,453282.584824,-5751.12629709,0,-0.0126877283391
2013-08-31,SN,756,573345.367925,-19647.1840545,0,-0.0342676249842
2013-09-30,BH,140,2292194.59847,54735.4027382,0,0.0238790383568
2013-09-30,BL,398,7937531.38683,324786.603344,1,0.0409178354726
2013-09-30,BN,292,5633354.07721,175818.348355,0,0.0312102427692
2013-09-30,SH,1114,451053.596781,25093.4594625,1,0.055632988278
2013-09-30,SL,596,444815.111101,27990.7733347,1,0.0629267590874
2013-09-30,SN,756,552880.767655,35351.670418,0,0.0639408575704
2013-10-31,BH,140,2343862.41659,93592.5938151,0,0.0399309247645
2013-10-31,BL,396,8225211.87736,343163.023511,0,0.0417208734106
2013-10-31,BN,291,5774673.36561,280092.654898,0,0.0485036359919
2013-10-31,SH,1105,471205.044849,19237.3575298,2,0.0408258734496
2013-10-31,SL,592,466922.437081,4397.27377437,0,0.00941756794096
2013-10-31,SN,752,585294.662069,17395.3239151,0,0.0297206262801
2013-11-30,BH,139,2424346.6559,125542.575693,0,0.0517840859875
2013-11-30,BL,396,8559218.85679,286606.80639,0,0.0334851592401
2013-11-30,BN,291,6047056.25053,115513.335316,0,0.019102407937
2013-11-30,SH,1087,483734.899858,20848.7910866,0,0.0430996214924
2013-11-30,SL,589,469284.062447,23926.2839517,0,0.0509846505908
2013-11-30,SN,748,600554.931815,23877.2164082,0,0.0397585885043
2013-12-31,BH,138,2538466.72673,49477.0894448,0,0.019490934793
2013-12-31,BL,394,8807050.89485,189404.564841,0,0.0215060145674
2013-12-31,BN,290,6141855.48765,227380.193523,0,0.0370214170588
2013-12-31,SH,1083,502558.625602,9257.75554526,2,0.0184212449526
2013-12-31,SL,588,491458.785752,9100.44250267,1,0.0185172038155
2013-12-31,SN,741,617180.701926,16573.2004625,0,0.0268530762722
2014-01-31,BH,138,2584184.48162,-94416.4114808,0,-0.0365362504699
2014-01-31,BL,392,8960344.52103,-298134.130696,0,-0.0332726191495
2014-01-31,BN,289,6353171.02965,-217424.466796,0,-0.0342229834175
2014-01-31,SH,1078,509280.449257,-19101.8564761,3,-0.0375075393214
2014-01-31,SL,586,498130.62432,-1678.17231149,1,-0.00336894025293
2014-01-31,SN,736,626473.227745,-24585.2069177,2,-0.0392438269169
2014-02-28,BH,138,2487396.76955,82171.9814562,0,0.0330353333501
2014-02-28,BL,392,8654455.35814,435931.935164,0,0.0503708110013
2014-02-28,BN,288,6115480.67347,286825.284279,0,0.0469015110331
2014-02-28,SH,1067,487368.068291,24326.1609979,1,0.0499133254322
2014-02-28,SL,582,494275.831715,20298.2453198,0,0.0410666353023
2014-02-28,SN,730,597883.205901,29483.7187745,0,0.0493135088652
2014-03-31,BH,138,2563649.80926,103927.836608,0,0.0405390144287
2014-03-31,BL,391,9061831.69892,-52740.8492046,0,-0.00582010910783
2014-03-31,BN,288,6384052.34872,50279.8760541,0,0.00787585585262
2014-03-31,SH,1061,509265.306773,7516.12182352,1,0.0147587548642
2014-03-31,SL,580,511165.237997,-16911.8557435,0,-0.033084909705
2014-03-31,SN,728,626353.745554,6637.73534519,0,0.0105974226103
2014-04-30,BH,138,2663994.72758,-34532.3907298,0,-0.0129626347877
2014-04-30,BL,391,8997390.64004,38447.77279,0,0.00427321368253
2014-04-30,BN,287,6119036.05413,64808.1896892,1,0.0105912416786
2014-04-30,SH,1051,508026.173928,-13711.8809536,4,-0.0269905009965
2014-04-30,SL,579,493952.922599,-31493.2181832,0,-0.0637575298016
2014-04-30,SN,726,631113.458388,-19923.0680012,0,-0.0315681241406
2014-05-31,BH,138,2627037.69852,41095.0855876,0,0.0156431274705
2014-05-31,BL,390,9020443.29999,218999.593532,0,0.0242781409127
2014-05-31,BN,286,6163991.02461,115130.157967,0,0.0186778594431
2014-05-31,SH,1042,489919.383219,341.324199064,3,0.000696694621106
2014-05-31,SL,576,460826.999066,-3309.82652561,1,-0.00718236243172
2014-05-31,SN,725,609444.120938,7217.47745529,0,0.0118427222568
2014-06-30,BH,138,2662019.78226,94017.2543176,0,0.0353180148938
2014-06-30,BL,390,9218330.66586,157480.162721,0,0.0170833709952
2014-06-30,BN,286,6263335.08542,173747.99504,1,0.0277404917142
2014-06-30,SH,1037,489109.54853,21928.9478225,0,0.0448344300135
2014-06-30,SL,575,456806.577705,31556.8733918,1,0.0690814776582
2014-06-30,SN,719,611361.498738,29325.701047,0,0.0479678571639
2014-07-31,BH,157,3203406.10388,-80642.183703,0,-0.0251738871339
2014-07-31,BL,394,8701924.71586,-126657.451346,0,-0.0145551076896
2014-07-31,BN,307,6769019.24743,-110819.220787,0,-0.0163715328227
2014-07-31,SH,1031,484558.315979,-26630.9909347,0,-0.0549593104824
2014-07-31,SL,677,559017.746456,-34172.6992039,0,-0.0611299004738
2014-07-31,SN,765,641422.112233,-40206.7853768,0,-0.0626838155561
2014-08-31,BH,157,3120006.16822,115866.79495,0,0.0371367198343
2014-08-31,BL,391,8550440.16165,433693.952336,0,0.0507218276647
2014-08-31,BN,306,6626722.17556,221984.21873,0,0.0334983439547
2014-08-31,SH,1029,457591.311309,20706.1838599,0,0.0452503868588
2014-08-31,SL,673,522254.7296,26691.6736493,0,0.0511085340858
2014-08-31,SN,761,597782.115958,25151.4814762,0,0.0420746636689
2014-09-30,BH,157,3226097.1094,-64091.3854273,0,-0.0198665394295
2014-09-30,BL,389,8953360.22896,-97546.7534119,0,-0.0108949881293
2014-09-30,BN,306,6835120.16128,-163149.71516,0,-0.0238693265532
2014-09-30,SH,1025,477245.930305,-31474.8699535,1,-0.0659510494587
2014-09-30,SL,672,548334.001206,-24359.8639736,0,-0.0444252297323
2014-09-30,SN,757,620716.273959,-32522.2175449,0,-0.0523946590565
2014-10-31,BH,156,3153129.91759,44621.5926765,0,0.0141515236742
2014-10-31,BL,389,8844942.07277,273248.227466,1,0.0308931619018
2014-10-31,BN,306,6661405.9346,115158.213711,0,0.0172873736929
2014-10-31,SH,1016,444416.601964,22452.8183084,4,0.0505220061743
2014-10-31,SL,667,519805.582865,39202.7361694,0,0.075418074491
2014-10-31,SN,756,587578.557811,35160.5640368,0,0.0598397670735
2014-11-30,BH,156,3194855.0757,-11858.7150772,0,-0.00371181627844
2014-11-30,BL,386,9093678.23523,332401.841354,0,0.0365530682695
2014-11-30,BN,305,6754110.20017,215850.984232,0,0.0319584634889
2014-11-30,SH,1009,465855.043379,-4379.9081595,0,-0.00940186914738
2014-11-30,SL,662,553758.690688,8837.46207135,0,0.0159590489864
2014-11-30,SN,754,621978.931414,-435.889604081,0,-0.000700810882919
2014-12-31,BH,156,3173601.1632,63024.1272522,0,0.0198588682104
2014-12-31,BL,383,9381605.06769,-122478.759618,0,-0.0130552031059
2014-12-31,BN,305,6953337.75295,6862.01541765,0,0.00098686640308
2014-12-31,SH,1002,458856.795937,15145.0156323,2,0.0330059743396
2014-12-31,SL,659,560193.382942,11014.4205042,0,0.0196618182927
2014-12-31,SN,750,613920.649403,16352.6877908,1,0.0266364843839
2015-01-31,BH,155,3222495.58382,-212543.536792,1,-0.0659561917972
2015-01-31,BL,380,9221831.55391,-162594.684281,0,-0.0176314957967
2015-01-31,BN,303,6868324.76869,-219808.150737,0,-0.032003167896
2015-01-31,SH,996,463742.158461,-24286.6916346,1,-0.052371110091
2015-01-31,SL,655,566052.092028,-15806.8928182,0,-0.0279248024004
2015-01-31,SN,746,629208.496016,-31085.1716766,0,-0.0494036108435
2015-02-28,BH,154,3001935.96495,173077.610032,0,0.0576553304444
2015-02-28,BL,379,9047347.86938,614134.657349,0,0.0678800755996
2015-02-28,BN,302,6631625.83675,370237.84594,0,0.0558291217047
2015-02-28,SH,987,437564.091956,23046.5007195,2,0.0526699999913
2015-02-28,SL,649,541354.667658,41185.2488466,0,0.0760781264245
2015-02-28,SN,745,596219.920571,41000.5067909,0,0.068767421846
2015-03-31,BH,153,3152859.19127,-37907.1777998,0,-0.0120231115632
2015-03-31,BL,376,9541509.83767,-136016.910158,1,-0.0142552816558
2015-03-31,BN,302,6983443.44915,-105843.114696,0,-0.0151562929473
2015-03-31,SH,978,456292.487407,4597.71338247,1,0.0100762416857
2015-03-31,SL,644,581639.665545,12869.107473,1,0.0221255671429
2015-03-31,SN,741,632806.011698,14196.5047808,1,0.0224342128841
2015-04-30,BH,153,3109395.73214,61594.8800348,0,0.0198092765736
2015-04-30,BL,373,9374152.90851,48473.1332105,0,0.00517093476964
2015-04-30,BN,302,6866096.77491,65756.9326385,0,0.00957704716292
2015-04-30,SH,973,459104.141573,-2856.31548673,1,-0.00622149797418
2015-04-30,SL,640,593030.25464,-18594.1161292,0,-0.031354414018
2015-04-30,SN,739,645206.684114,-13956.0273179,0,-0.0216303204253
2015-05-31,BH,153,3168146.5871,29042.2770239,0,0.00916696125809
2015-05-31,BL,372,9394746.54371,129945.988681,0,0.0138317716264
2015-05-31,BN,300,6907049.78096,90648.3117868,0,0.0131240275749
2015-05-31,SH,969,453903.280355,3781.73442154,1,0.00833158645291
2015-05-31,SL,636,570022.59924,14765.5195861,0,0.0259033933142
2015-05-31,SN,738,630951.246478,16404.7966751,0,0.0260001018568
2015-06-30,BH,151,3177291.37524,-29095.2714093,0,-0.00915725628313
2015-06-30,BL,371,9498590.94679,-172008.613087,1,-0.0181088557293
2015-06-30,BN,300,6980813.69312,-144097.418915,0,-0.0206419230264
2015-06-30,SH,964,455826.765331,2847.45822431,4,0.00624679909317
2015-06-30,SL,635,584429.097579,15565.9315277,0,0.0266344225368
2015-06-30,SN,733,643023.423628,2514.35232485,1,0.00391020331836
2015-07-31,BH,141,2663274.59477,-13344.9175351,0,-0.00501071784388
2015-07-31,BL,417,10070284.1736,311315.288707,0,0.0309142506152
2015-07-31,BN,339,6684888.44095,-495.464687097,0,-7.41171212465e-05
2015-07-31,SH,1030,465516.512978,-25294.1618183,1,-0.0543356918888
2015-07-31,SL,636,517328.074013,-2455.73116174,1,-0.00474695127734
2015-07-31,SN,845,642803.552148,-15690.4262105,0,-0.0244093645066
2015-08-31,BH,141,2646635.80543,-179741.014416,0,-0.0679130139657
2015-08-31,BL,414,10347281.0041,-647412.812699,0,-0.0625683996061
2015-08-31,BN,337,6659980.46591,-392415.898992,0,-0.0589214789745
2015-08-31,SH,1024,436301.81321,-13480.6980628,0,-0.0308976439122
2015-08-31,SL,634,513694.804842,-45353.0511123,0,-0.0882879302745
2015-08-31,SN,842,620810.883644,-27854.6389317,1,-0.0448681549656
2015-09-30,BH,141,2460458.08358,-107579.073009,0,-0.0437231886722
2015-09-30,BL,414,9679192.97063,-216573.916762,0,-0.0223752039471
2015-09-30,BN,336,6236458.66481,-182421.28265,1,-0.0292507803634
2015-09-30,SH,1018,421621.850406,-19177.454127,0,-0.0454849626711
2015-09-30,SL,628,466255.740099,-37007.009155,2,-0.0793706242569
2015-09-30,SN,840,591941.919634,-27579.8961329,1,-0.0465922334914
2015-10-31,BH,140,2341555.16971,155394.208747,1,0.066363676055
2015-10-31,BL,414,9449890.26845,758058.95069,0,0.080218809865
2015-10-31,BN,335,6039204.02314,483743.287677,1,0.0801005042756
2015-10-31,SH,1009,400056.356422,21862.1021656,0,0.0546475560621
2015-10-31,SL,620,421518.717481,19134.0094,0,0.0453930243342
2015-10-31,SN,832,554739.713706,37390.5983923,1,0.0674020580616
2015-11-30,BH,139,2488436.06924,50722.1594358,0,0.0203831474968
2015-11-30,BL,412,10175958.5278,48145.9933396,0,0.00473134724437
2015-11-30,BN,334,6508081.6667,-35747.5151041,0,-0.00549278834146
2015-11-30,SH,1006,420306.404097,15408.6223609,1,0.0366604510679
2015-11-30,SL,615,439744.243387,26225.5887992,0,0.0596382765517
2015-11-30,SN,829,589284.516057,19173.3033569,0,0.032536580946
2015-12-31,BH,139,2532034.37468,-95486.4466364,0,-0.037711354787
2015-12-31,BL,412,10201474.8299,-130694.60243,0,-0.0128113439094
2015-12-31,BN,331,6430212.60311,-175847.319802,0,-0.027347045993
2015-12-31,SH,992,434388.819785,-29715.3025404,3,-0.0684071531931
2015-12-31,SL,613,463114.496344,-18809.8386697,1,-0.0406159574321
2015-12-31,SN,823,602235.423611,-29364.4720664,1,-0.0487591246134
2016-01-31,BH,138,2401321.5421,-218040.898053,0,-0.090800375639
2016-01-31,BL,411,10052668.2079,-519101.55286,0,-0.0516381862132
2016-01-31,BN,328,6221095.65204,-336698.283888,2,-0.0541220233092
2016-01-31,SH,980,401472.009293,-27176.0962448,1,-0.0676911356602
2016-01-31,SL,607,443083.067947,-60779.3589526,1,-0.137173734113
2016-01-31,SN,818,567165.889929,-42895.3607416,0,-0.0756310658016
2016-02-29,BH,138,2180410.30767,-69654.1015703,0,-0.0319454101484
2016-02-29,BL,409,9510587.18564,-252.207758946,0,-2.65186317125e-05
2016-02-29,BN,326,5812548.57223,71949.8745327,0,0.0123783695979
2016-02-29,SH,972,368700.677342,1980.12200599,2,0.00537054073313
2016-02-29,SL,602,380136.317796,-1068.97480132,0,-0.00281208280103
2016-02-29,SN,812,522315.673321,4407.67965879,1,0.00843872754338
2016-03-31,BH,136,2091921.29534,180790.242856,0,0.0864230615458
2016-03-31,BL,407,9471609.14988,624220.922635,0,0.0659044215991
2016-03-31,BN,325,5859725.35723,400550.195839,0,0.0683564794287
2016-03-31,SH,963,369183.86928,30776.2569918,0,0.0833629515065
2016-03-31,SL,601,378097.47114,28848.5468583,0,0.0762992325003
2016-03-31,SN,809,525757.002275,41070.1551953,2,0.0781162305354
2016-04-30,BH,136,2268448.74138,116211.50087,0,0.0512295026773
2016-04-30,BL,404,10060996.2438,-65757.20901,0,-0.00653585464269
2016-04-30,BN,322,6219474.89882,126158.078973,1,0.020284361787
2016-04-30,SH,959,397561.41233,15225.1204825,5,0.0382962732556
2016-04-30,SL,596,399079.294725,10434.7572655,0,0.0261470775443
2016-04-30,SN,806,564944.074829,7103.36379418,2,0.0125735698641
2016-05-31,BH,136,2381662.32553,30319.8140226,0,0.012730525943
2016-05-31,BL,401,9902431.04832,212828.397208,0,0.0214925401822
2016-05-31,BN,320,6314896.73683,97623.2218913,1,0.0154591952901
2016-05-31,SH,949,411236.711868,1982.99241252,0,0.00482202185576
2016-05-31,SL,591,408216.897125,9914.50977137,0,0.0242873576307
2016-05-31,SN,798,567576.420345,6812.89645166,0,0.0120034874731
2016-06-30,BH,136,2404581.01951,-81937.7284437,0,-0.0340756779576
2016-06-30,BL,400,10086437.9267,4659.81539984,0,0.000461988209683
2016-06-30,BN,319,6386885.14148,62404.926109,2,0.00977079197865
2016-06-30,SH,943,411869.629505,-965.76208007,2,-0.00234482469909
2016-06-30,SL,589,416576.398169,1432.64994792,0,0.00343910493781
2016-06-30,SN,795,572812.825908,-1978.93575638,2,-0.00345476858561
2016-07-31,BH,141,2555908.7398,93660.7024687,1,0.0366447756957
2016-07-31,BL,402,9788470.917,447665.530894,0,0.0457339593375
2016-07-31,BN,310,6583419.42439,148644.108567,0,0.0225785566717
2016-07-31,SH,988,393173.330601,24004.7757689,2,0.0610539268576
2016-07-31,SL,598,438890.228747,31267.5525934,0,0.0712423074049
2016-07-31,SN,855,564596.959962,32227.0073338,2,0.0570796685408
2016-08-31,BH,139,2638506.33456,104229.753561,0,0.0395033175386
2016-08-31,BL,401,10222777.6585,-42867.4025699,0,-0.00419332240236
2016-08-31,BN,309,6720079.04003,15120.0987457,0,0.00224998823015
2016-08-31,SH,981,412651.479353,11047.5186618,1,0.0267720321252
2016-08-31,SL,594,466825.889858,4647.39375389,2,0.00995530422555
2016-08-31,SN,849,592784.921064,14831.1829402,1,0.025019501025
2016-09-30,BH,139,2734753.86999,-9395.24310159,0,-0.00343549860362
2016-09-30,BL,397,10122144.6429,39901.2268797,1,0.00394197359229
2016-09-30,BN,306,6624714.85766,-9005.04116472,0,-0.00135931000174
2016-09-30,SH,974,421220.510636,6798.42984201,1,0.0161398357163
2016-09-30,SL,589,463164.840291,13379.1682657,0,0.0288864073907
2016-09-30,SN,842,599690.552427,7302.16396593,2,0.0121765532846
2016-10-31,BH,139,2722985.40355,28802.8299693,0,0.0105776659441
2016-10-31,BL,395,10134217.2921,-221905.165326,0,-0.0218966259484
2016-10-31,BN,305,6600823.86142,-139342.945885,0,-0.0211099324584
2016-10-31,SH,968,426681.722057,-13347.8785267,1,-0.0312829864432
2016-10-31,SL,584,474976.889707,-37789.3243134,2,-0.0795603431078
2016-10-31,SN,838,603297.985164,-30528.0393111,0,-0.0506019248561
2016-11-30,BH,139,2748223.17882,340297.639238,0,0.123824601241
2016-11-30,BL,393,9889979.0482,221466.718535,0,0.0223930422356
2016-11-30,BN,305,6453080.5466,333312.812799,0,0.0516517360029
2016-11-30,SH,961,411445.67973,62442.1871992,1,0.151762894291
2016-11-30,SL,577,426774.514739,38100.9689704,1,0.0892765796799
2016-11-30,SN,832,568548.663601,69794.5803718,1,0.122759202229
2016-12-31,BH,138,3073922.66922,107239.920103,0,0.0348869934749
2016-12-31,BL,391,10058162.3361,129630.101506,0,0.0128880502397
2016-12-31,BN,304,6762400.06418,128899.024696,0,0.0190611356135
2016-12-31,SH,954,470326.70799,20182.7470229,0,0.0429121856787
2016-12-31,SL,573,462118.011717,-2211.88977291,0,-0.00478641757479
2016-12-31,SN,827,633424.539083,18054.5532426,1,0.0285030846274
2017-01-31,BH,137,3174731.6272,11376.7763694,0,0.00358353955716
2017-01-31,BL,390,10154694.5514,334957.013391,0,0.0329854346378
2017-01-31,BN,303,6869692.08293,56234.9780037,0,0.00818595321666
2017-01-31,SH,952,489609.521789,-2581.86046475,0,-0.00527330525621
2017-01-31,SL,570,455599.890328,9641.83816043,0,0.0211629510128
2017-01-31,SN,822,641924.628582,-802.53983539,0,-0.00125020882461
2017-02-28,BH,137,3182235.48607,130317.999324,0,0.0409517145712
2017-02-28,BL,389,10476404.3281,459971.612342,0,0.0439054849295
2017-02-28,BN,301,6884606.09395,173094.478043,0,0.0251422486167
2017-02-28,SH,945,484750.906592,2775.72678311,1,0.00572608889506
2017-02-28,SL,563,458031.933246,16639.5681684,1,0.0363284019316
2017-02-28,SN,821,637815.686801,6554.39430468,1,0.0102763140517
2017-03-31,BH,137,3304622.53821,-83965.3382868,0,-0.0254084505313
2017-03-31,BL,388,10899423.7791,119204.891055,0,0.0109368067037
2017-03-31,BN,300,7029219.08093,-17593.4611533,0,-0.00250290408518
2017-03-31,SH,940,484936.69665,-3372.05674273,2,-0.00695360191551
2017-03-31,SL,558,469475.689707,10615.6633492,0,0.0226117423797
2017-03-31,SN,815,635575.569584,830.448693354,1,0.00130660889609
2017-04-30,BH,137,3216869.34168,-25368.893527,0,-0.00788620575859
2017-04-30,BL,386,10988093.4402,181561.639103,0,0.0165234888192
2017-04-30,BN,300,6999686.51695,49339.2543763,0,0.00704878057851
2017-04-30,SH,933,475757.707638,946.106850254,0,0.00198863168177
2017-04-30,SL,553,474021.547736,8962.88488152,0,0.0189081802807
2017-04-30,SN,807,626434.388203,9626.32107822,1,0.0153668464879
2017-05-31,BH,137,3187618.70314,-57296.0077734,0,-0.0179745487492
2017-05-31,BL,386,11159045.6886,309456.389863,1,0.0277314385567
2017-05-31,BN,299,7037355.67545,-930.504409718,0,-0.000132223586903
2017-05-31,SH,926,472428.609965,-17172.8288705,1,-0.036350103504
2017-05-31,SL,550,480188.669341,-4892.85424617,0,-0.0101894412729
2017-05-31,SN,799,632158.174511,-10278.5027421,0,-0.0162593843701
2017-06-30,BH,136,3074668.88408,126363.98578,0,0.0410984045907
2017-06-30,BL,384,11428788.019,19518.6167487,0,0.00170784659899
2017-06-30,BN,298,7010795.71789,42411.1289852,0,0.00604940304807
2017-06-30,SH,918,451245.67576,14952.6928132,1,0.0331364788992
2017-06-30,SL,548,474370.560057,21857.13812,0,0.0460760847328
2017-06-30,SN,793,615564.426508,19416.2133751,1,0.0315421303425
2017-07-31,BH,151,3652288.76898,75938.3373596,0,0.0207919861114
2017-07-31,BL,379,11180778.8783,273321.771455,0,0.0244456825799
2017-07-31,BN,308,6650123.21653,112109.542495,0,0.0168582654553
2017-07-31,SH,920,440266.844599,2185.73942312,0,0.00496457875476
2017-07-31,SL,535,473860.161765,3539.95919452,0,0.00747047226197
2017-07-31,SN,863,692402.530221,3706.55912383,1,0.00535318541174
2017-08-31,BH,151,3724104.54499,-43948.6702867,0,-0.0118011376307
2017-08-31,BL,379,11441788.7268,147496.450303,1,0.0128910307492
2017-08-31,BN,307,6732325.80762,-13550.4897947,1,-0.00201275015231
2017-08-31,SH,917,441873.056573,-10944.2766107,0,-0.0247679202158
2017-08-31,SL,533,475557.665841,-1950.05807132,0,-0.00410057120595
2017-08-31,SN,856,692112.531555,-14945.9217563,1,-0.0215946411529
2017-09-30,BH,150,3661714.39411,177636.374135,0,0.0485118048587
2017-09-30,BL,377,11483755.4683,160066.447916,1,0.0139385106517
2017-09-30,BN,305,6613523.70777,177977.106785,0,0.0269110862302
2017-09-30,SH,913,429638.996323,34529.3968729,2,0.0803683957192
2017-09-30,SL,529,469610.013862,22092.371808,1,0.0470440815908
2017-09-30,SN,849,670443.631076,55102.1595026,1,0.0821876097386
2017-10-31,BH,150,3836203.3738,109133.402106,0,0.0284482837515
2017-10-31,BL,375,11616221.5103,364269.064119,0,0.0313586533965
2017-10-31,BN,304,6780542.29945,75769.0871743,1,0.0111744877958
2017-10-31,SH,902,454454.147925,4667.72980386,1,0.0102710687649
2017-10-31,SL,525,489968.618672,3080.88840167,0,0.00628793005157
2017-10-31,SN,844,719726.614382,3695.33646481,1,0.0051343612852
2017-11-30,BH,149,3934986.40878,126223.699294,0,0.0320772897747
2017-11-30,BL,375,11969835.3847,393496.031387,0,0.0328739718418
2017-11-30,BN,301,6819515.0844,245345.247944,0,0.0359769345631
2017-11-30,SH,894,457044.114752,13169.9579471,3,0.0288155071294
2017-11-30,SL,519,492357.024298,19923.7930651,0,0.0404661497285
2017-11-30,SN,839,718765.589017,17959.4175149,0,0.0249864737396
2017-12-31,BH,149,4048956.83911,84349.6989415,0,0.0208324519853
2017-12-31,BL,374,12312107.7187,117010.295127,0,0.00950367701456
2017-12-31,BN,301,7046821.79905,70197.3256186,0,0.00996155822019
2017-12-31,SH,883,463005.848708,-1010.33033875,3,-0.00218211139573
2017-12-31,SL,515,509650.170503,5745.1145027,1,0.0112726627699
2017-12-31,SN,833,733363.641564,-3855.01413282,0,-0.00525662020086
2018-01-31,BH,149,4129837.76379,218805.680052,0,0.0529816647934
2018-01-31,BL,374,12418035.7441,803865.340369,0,0.0647336951621
2018-01-31,BN,301,7107185.09408,349660.048502,0,0.0491981064055
2018-01-31,SH,877,457546.141899,6672.41841469,2,0.014583050328
2018-01-31,SL,512,510479.689328,20421.5463439,1,0.0400046206946
2018-01-31,SN,832,728373.777678,22738.6210545,1,0.0312183411201
2018-02-28,BH,148,4336963.50391,-173314.330095,0,-0.0399621370893
2018-02-28,BL,374,13210671.9676,-345863.199391,0,-0.0261805909828
2018-02-28,BN,301,7447746.66806,-341969.986872,0,-0.045915899414
2018-02-28,SH,872,462386.827525,-17190.1159401,0,-0.0371769153376
2018-02-28,SL,505,521976.932314,-14584.0455314,0,-0.0279400192394
2018-02-28,SN,827,748001.768701,-28920.0460484,0,-0.0386630717447
2018-03-31,BH,147,4147831.70357,-139790.606305,0,-0.0337020921521
2018-03-31,BL,374,12841938.7476,-309353.939138,0,-0.0240893485959
2018-03-31,BN,298,7065701.84803,-126898.554927,0,-0.017959794746
2018-03-31,SH,868,443873.018326,8398.40287475,2,0.0189207330205
2018-03-31,SL,504,505738.347195,10304.0441475,0,0.0203742591494
2018-03-31,SN,824,717318.89779,6206.26731562,1,0.00865203375339
2018-04-30,BH,147,4002582.0554,21435.6807154,0,0.0053554631532
2018-04-30,BL,372,12502666.1655,82806.651806,0,0.00662311947787
2018-04-30,BN,297,6920895.14538,19579.9180897,0,0.00282910196997
2018-04-30,SH,858,447436.26766,9410.84293898,0,0.0210328120879
2018-04-30,SL,499,511866.003069,3089.86255892,0,0.00603646763097
2018-04-30,SN,822,721259.219683,7138.24943711,0,0.00989692643409
2018-05-31,BH,147,4019616.88767,-13538.1602839,0,-0.00336802254101
2018-05-31,BL,372,12574714.5379,476004.031654,0,0.0378540626285
2018-05-31,BN,296,6923660.22861,89743.1341081,0,0.0129618050489
2018-05-31,SH,855,456205.746289,25522.3538869,1,0.0559448321169
2018-05-31,SL,498,508074.948747,37052.468056,1,0.0729271697952
2018-05-31,SN,820,725237.01063,51100.2573635,0,0.0704600794147
2018-06-30,BH,146,3986366.68052,-52370.3059393,0,-0.0131373529172
2018-06-30,BL,371,12968490.5512,147834.561493,0,0.0113995195439
2018-06-30,BN,294,6912631.44307,14022.1908389,0,0.00202848813138
2018-06-30,SH,849,478092.172434,2698.94246793,2,0.00564523458768
2018-06-30,SL,495,542029.469483,7578.0554754,0,0.0139808920032
2018-06-30,SN,817,771617.339831,1263.24977048,0,0.00163714538966
2018-07-31,BH,141,3609013.19546,165000.585904,0,0.0457190309282
2018-07-31,BL,392,13457214.5051,407133.80606,0,0.0302539434075
2018-07-31,BN,306,6957190.24083,239595.236428,0,0.0344385057954
2018-07-31,SH,887,515922.63823,5273.65394096,0,0.010221792087
2018-07-31,SL,583,575350.085785,8400.31476407,2,0.0146003537179
2018-07-31,SN,838,750840.656457,15663.5489735,0,0.0208613489943
2018-08-31,BH,141,3769163.94499,31845.317311,0,0.0084489074436
2018-08-31,BL,392,13850881.8128,765060.280006,0,0.0552354926097
2018-08-31,BN,305,7182937.79193,141031.168041,1,0.0196341903725
2018-08-31,SH,883,519216.819234,12219.4787889,1,0.0235344432927
2018-08-31,SL,580,579186.976535,33756.4048712,0,0.0582823962533
2018-08-31,SN,835,763084.901403,24756.9324591,0,0.0324432214733
2018-09-30,BH,141,3789282.77663,-61332.5801533,0,-0.016185801844
2018-09-30,BL,390,14572159.691,121760.890194,0,0.00835572027592
2018-09-30,BN,304,7300053.93915,26061.2781943,1,0.00357001173026
2018-09-30,SH,880,530095.47024,-14991.182436,1,-0.0282801557032
2018-09-30,SL,580,612265.275564,-10589.9964121,0,-0.0172964184558
2018-09-30,SN,835,786859.136277,-22172.7098905,2,-0.0281787538179
2018-10-31,BH,139,3714800.43165,-205747.862113,0,-0.0553859799197
2018-10-31,BL,388,14630647.185,-1233951.87128,0,-0.0843402110434
2018-10-31,BN,302,7283993.14498,-398057.029383,0,-0.0546481883576
2018-10-31,SH,872,510064.918511,-46578.5516952,0,-0.0913188694315
2018-10-31,SL,579,601327.328138,-81233.7493013,0,-0.135090732618
2018-10-31,SN,829,759322.275844,-84424.218052,1,-0.111183644597
2018-11-30,BH,138,3496599.06014,80359.6184193,0,0.0229822227362
2018-11-30,BL,387,13319768.3518,206785.147912,0,0.0155246804937
2018-11-30,BN,299,6833897.81031,151360.083289,0,0.0221484264895
2018-11-30,SH,863,457184.545614,3352.12846846,0,0.00733211238354
2018-11-30,SL,576,517747.250395,5889.50919736,0,0.0113752592464
2018-11-30,SN,825,673022.511422,14313.9686166,0,0.0212681869828
2018-12-31,BH,138,3564824.10733,-414902.542265,1,-0.11638794223
2018-12-31,BL,387,13498586.9772,-1169462.25011,0,-0.0866359013784
2018-12-31,BN,297,6906426.54137,-637189.36778,0,-0.0922603554766
2018-12-31,SH,856,456446.378046,-57717.4550875,2,-0.126449585019
2018-12-31,SL,572,522879.198774,-62915.61426,0,-0.12032533405
2018-12-31,SN,820,679627.176964,-80702.1880047,3,-0.118744792351
2019-01-31,BH,137,3139515.25579,284604.743086,0,0.0906524478777
2019-01-31,BL,387,12317241.1195,1031828.59311,0,0.0837710801553
2019-01-31,BN,297,6255517.43311,501874.709582,1,0.0802291281174
2019-01-31,SH,848,394957.596195,43355.517748,2,0.109772588667
2019-01-31,SL,568,451536.709838,58233.2688558,2,0.128966853828
2019-01-31,SN,817,595016.634016,61814.5536771,0,0.103887101878
2019-02-28,BH,137,3416011.61133,43028.6628596,0,0.0125961699652
2019-02-28,BL,384,13320685.1633,521898.257666,0,0.0391795355321
2019-02-28,BN,296,6740084.45347,272561.615452,0,0.0404389021137
2019-02-28,SH,845,435711.729205,15289.1697735,2,0.0350901037286
2019-02-28,SL,562,500416.244074,31419.5072963,0,0.0627867453713
2019-02-28,SN,814,656347.633396,33820.0971384,1,0.0515277200946
2019-03-31,BH,136,3444923.76954,-65511.260147,0,-0.019016751757
2019-03-31,BL,383,13723530.2907,383043.338709,1,0.0279114288083
2019-03-31,BN,296,6994413.36927,27510.0115553,0,0.00393314065139
2019-03-31,SH,838,444529.854345,-19340.1661654,5,-0.0435070130305
2019-03-31,SL,559,529387.681206,-3679.53435794,0,-0.00695054775276
2019-03-31,SN,811,688095.070811,-20540.1772252,0,-0.0298507838473
2019-04-30,BH,136,3375629.42308,247330.156717,0,0.0732693449779
2019-04-30,BL,381,14081633.175,577667.193403,0,0.0410227411995
2019-04-30,BN,295,7003536.78185,248952.969375,0,0.0355467497537
2019-04-30,SH,830,422260.486495,13756.5488709,1,0.0325783475151
2019-04-30,SL,559,525358.955819,13031.514249,0,0.0248049721142
2019-04-30,SN,807,666456.828533,28278.9826121,0,0.0424318296421
2019-05-31,BH,136,3616967.80379,-300953.534115,0,-0.0832060306978
2019-05-31,BL,380,14637600.886,-946020.936728,0,-0.0646295075329
2019-05-31,BN,294,7219970.42674,-464604.445949,0,-0.0643499098318
2019-05-31,SH,823,433148.073175,-42634.6295303,0,-0.0984296876072
2019-05-31,SL,558,538329.9321,-38387.4703703,0,-0.0713084450284
2019-05-31,SN,806,694152.173968,-56756.5728462,0,-0.0817638768193
2019-06-30,BH,136,3304874.39614,249616.782084,0,0.0755298846987
2019-06-30,BL,380,13666810.4527,1027945.81893,0,0.0752147563978
2019-06-30,BN,293,6730871.20075,474923.741165,1,0.0705590297304
2019-06-30,SH,817,388660.935953,24327.9895067,2,0.0625943779171
2019-06-30,SL,557,499389.408877,40195.0547554,0,0.0804884005163
2019-06-30,SN,804,635065.694772,49453.2317475,0,0.0778710488608
2019-07-31,BH,127,2220788.95804,54908.2222033,0,0.0247246466192
2019-07-31,BL,423,16121812.7813,217244.223692,1,0.0134751734585
2019-07-31,BN,304,6933089.2908,52457.933249,1,0.00756631438724
2019-07-31,SH,877,446222.528113,-3094.44350334,1,-0.00693475409326
2019-07-31,SL,557,508313.639631,-3736.88222264,1,-0.00735152852746
2019-07-31,SN,882,666213.166771,3556.91686104,1,0.00533900715034
2019-08-31,BH,127,2269575.93943,-155874.868639,0,-0.0686801732122
2019-08-31,BL,422,16310992.5646,-169028.400407,0,-0.0103628519072
2019-08-31,BN,301,6912740.01265,-214497.963178,0,-0.0310293693651
2019-08-31,SH,874,442886.763418,-35966.6375155,0,-0.0812095562258
2019-08-31,SL,554,504088.656518,-21320.7877328,0,-0.0422957102032
2019-08-31,SN,876,665660.639659,-39067.7502914,1,-0.0586901913134
2019-09-30,BH,126,2103317.37345,117112.315224,0,0.0556798116642
2019-09-30,BL,421,16088985.3986,39007.0160981,0,0.00242445468945
2019-09-30,BN,301,6677456.92692,260198.568783,0,0.0389667161661
2019-09-30,SH,867,403792.056429,22855.8087415,0,0.0566029182041
2019-09-30,SL,553,481994.526892,-12313.7890414,0,-0.0255475702615
2019-09-30,SN,866,618178.744742,23989.2855815,0,0.0388063901995
2019-10-31,BH,126,2215554.34547,55433.7600074,0,0.0250202664271
2019-10-31,BL,419,16100131.3021,417358.903363,0,0.0259227018422
2019-10-31,BN,301,6927580.16273,111606.87165,0,0.0161105131992
2019-10-31,SH,861,424179.896988,2736.09323246,3,0.00645031330312
2019-10-31,SL,547,462617.521607,21093.5016641,0,0.0455959851905
2019-10-31,SN,862,637881.557897,15248.5963004,1,0.0239050590375
2019-11-30,BH,126,2264630.91415,66984.2779629,0,0.0295784525171
2019-11-30,BL,418,16426196.872,720923.201106,0,0.0438886253905
2019-11-30,BN,301,7030639.15844,229272.135065,0,0.0326104255812
2019-11-30,SH,852,423493.913641,15612.5193614,2,0.0368659828596
2019-11-30,SL,545,481131.618162,30043.7126993,0,0.0624438543742
2019-11-30,SN,857,648105.735362,20606.6531519,0,0.0317952025844
2019-12-31,BH,125,2293896.29069,99458.9171701,0,0.0433580705342
2019-12-31,BL,417,17111996.6714,476369.020531,0,0.0278383072226
2019-12-31,BN,299,7223286.82152,193644.730157,0,0.0268083955326
2019-12-31,SH,840,434878.567877,20671.7365192,4,0.0475345028388
2019-12-31,SL,544,509925.923986,13034.3611756,0,0.0255612836344
2019-12-31,SN,851,664034.276996,29244.3230654,0,0.0440403817672
2020-01-31,BH,125,2388074.49989,-104967.731724,0,-0.0439549652783
2020-01-31,BL,417,17569708.4283,254290.759186,0,0.0144732486725
2020-01-31,BN,298,7387787.40301,-166438.353864,0,-0.0225288499499
2020-01-31,SH,832,451356.381862,-36662.3618422,0,-0.0812270820032
2020-01-31,SL,543,520228.037723,-9339.36693756,0,-0.0179524482733
2020-01-31,SN,848,685754.263469,-29065.6067741,2,-0.0423848721364
2020-02-29,BH,125,2275634.00724,-246080.170122,0,-0.108136971648
2020-02-29,BL,417,17806066.9753,-1260109.0414,0,-0.0707685219397
2020-02-29,BN,298,7214432.53566,-731358.424138,0,-0.101374352109
2020-02-29,SH,830,413745.433379,-42180.3006031,0,-0.101947471078
2020-02-29,SL,541,510324.13629,-30922.6519961,1,-0.0605941396794
2020-02-29,SN,843,652906.847885,-56898.0333138,0,-0.0871457138152
2020-03-31,BH,125,2025313.11506,-551633.045745,1,-0.272369265593
2020-03-31,BL,416,16514744.8261,-1437232.18768,0,-0.0870272113078
2020-03-31,BN,298,6455076.01568,-1131357.61349,0,-0.175266350193
2020-03-31,SH,828,367153.539777,-104827.68557,0,-0.285514571463
2020-03-31,SL,538,476017.425912,-90515.6800617,1,-0.19015203044
2020-03-31,SN,839,591973.089795,-126754.332842,1,-0.214121781932
2020-04-30,BH,124,1432976.77884,206669.758997,0,0.144224080982
2020-04-30,BL,415,15021656.2757,2146063.53606,0,0.142864641333
2020-04-30,BN,296,5301933.79137,576079.099955,0,0.108654525428
2020-04-30,SH,824,261141.959019,42146.9490209,2,0.161394779986
2020-04-30,SL,535,378653.420123,70686.7221135,0,0.186679212063
2020-04-30,SN,835,463982.391185,60102.636464,0,0.129536460016
2020-05-31,BH,124,1634404.42175,51642.8107639,0,0.0315973268774
2020-05-31,BL,414,17146419.9952,1029141.46715,0,0.0600207779488
2020-05-31,BN,296,5871706.61418,218394.06723,0,0.0371943085002
2020-05-31,SH,815,301969.521156,12927.1652436,4,0.0428095034033
2020-05-31,SL,534,449260.206994,51464.7091457,0,0.114554345888
2020-05-31,SN,831,523392.908712,24509.8545015,1,0.0468287859724
2020-06-30,BH,123,1674295.89991,23343.0113234,0,0.0139419867926
2020-06-30,BL,414,18146175.4095,688457.70955,0,0.037939548914
2020-06-30,BN,296,6067885.97049,-76417.9893336,0,-0.0125938407058
2020-06-30,SH,805,307122.226098,10999.8823915,1,0.0358159763665
2020-06-30,SL,531,499498.175169,27718.0163171,0,0.0554917268871
2020-06-30,SN,828,545015.595228,12457.2691375,1,0.022856720517
2020-07-31,BH,106,1956646.57401,71241.4267249,1,0.0364099616512
2020-07-31,BL,486,18677066.2101,1391340.58347,0,0.0744946003733
2020-07-31,BN,320,6039140.23964,177496.869894,0,0.0293910826459
2020-07-31,SH,888,349619.155115,9376.18007476,2,0.0268182676423
2020-07-31,SL,557,412090.872569,7602.29168202,1,0.0184480952821
2020-07-31,SN,794,530578.303107,15586.5663613,0,0.0293765618949
2020-08-31,BH,105,2020641.4417,110343.081517,0,0.0546079473774
2020-08-31,BL,486,20051422.3473,1856982.73296,0,0.0926110228388
2020-08-31,BN,319,6201035.13024,197403.505904,0,0.0318339602595
2020-08-31,SH,877,356865.26527,19659.8877494,0,0.0550905051924
2020-08-31,SL,555,418193.63009,30298.1170084,0,0.0724499725208
2020-08-31,SN,793,545422.205417,25116.5889508,0,0.0460498100396
2020-09-30,BH,105,2125037.67284,-91369.1400964,0,-0.0429964801398
2020-09-30,BL,486,21881528.3553,-843704.51628,1,-0.0385578421479
2020-09-30,BN,319,6381003.52067,-161174.775823,0,-0.0252585310917
2020-09-30,SH,875,375560.464943,-20960.3765809,1,-0.0558109240389
2020-09-30,SL,553,444256.990905,-3282.27946626,1,-0.00738824494258
2020-09-30,SN,788,568725.051081,-26180.8152317,1,-0.046034221953
2020-10-31,BH,105,2029934.51791,-4579.33884096,0,-0.0022559047105
2020-10-31,BL,483,20982580.8906,-712039.070015,0,-0.0339347706427
2020-10-31,BN,315,6171779.03663,-49409.0154932,0,-0.00800563584664
2020-10-31,SH,869,353706.956634,18923.9287793,0,0.0535017149772
2020-10-31,SL,550,432862.464489,3796.93446019,0,0.00877168794175
2020-10-31,SN,786,540008.946153,12228.9101832,0,0.0226457547978
2020-11-30,BH,105,2022696.8124,375113.928615,0,0.185452375421
2020-11-30,BL,482,20244976.0384,2165666.91345,0,0.106973053925
2020-11-30,BN,315,6110503.47488,859462.480482,0,0.14065330034
2020-11-30,SH,865,371968.244623,74336.8244925,0,0.19984723311
2020-11-30,SL,549,436587.684429,99561.6289857,1,0.228044978218
2020-11-30,SN,785,551406.725207,98947.8746712,0,0.17944626017
2020-12-31,BH,104,2382196.57584,136440.501375,0,0.057275080805
2020-12-31,BL,481,22374264.1665,1036141.21853,0,0.0463095103741
2020-12-31,BN,315,6951890.59803,313338.072115,0,0.0450723537283
2020-12-31,SH,857,444190.120631,37449.0680396,1,0.0843086469064
2020-12-31,SL,548,534992.793571,67589.3938404,0,0.126337017344
2020-12-31,SN,784,648503.986345,54025.5972954,1,0.0833080419442
2021-01-31,BH,101,2493064.69689,16803.8949245,0,0.00674025625786
2021-01-31,BL,480,23372125.803,-192442.201848,0,-0.00823383390412
2021-01-31,BN,315,7253973.9181,-42992.402351,0,-0.00592673792826
2021-01-31,SH,856,477164.433137,51984.3142078,1,0.108944235148
2021-01-31,SL,546,597003.221774,39505.6431449,0,0.0661732494969
2021-01-31,SN,779,694375.949018,33182.1631471,0,0.0477870283296
2021-02-28,BH,101,2506405.78365,285570.008792,0,0.113936063608
2021-02-28,BL,480,23163454.9193,-37107.150557,2,-0.00160196959764
2021-02-28,BN,315,7198045.56333,513790.341687,0,0.0713791455148
2021-02-28,SH,852,528037.095478,46597.0343602,0,0.0882457591697
2021-02-28,SL,541,629948.20106,36133.4230205,0,0.0573593558323
2021-02-28,SN,778,727110.896299,70787.6380612,1,0.0973546654596
2021-03-31,BH,101,2786375.3773,201382.166097,0,0.0722738823123
2021-03-31,BL,478,23087739.4307,564182.140503,0,0.0244364391843
2021-03-31,BN,315,7693775.3412,388918.868367,1,0.0505498082696
2021-03-31,SH,849,572542.658274,39207.7252314,2,0.0684800069738
2021-03-31,SL,540,662919.745063,-17849.3518163,0,-0.0269253585359
2021-03-31,SN,776,796858.20476,26873.3240113,1,0.0337240977765
2021-04-30,BH,101,2982520.21982,165079.804077,0,0.0553490980479
2021-04-30,BL,475,23598320.7444,1313733.22169,0,0.0556706231737
2021-04-30,BN,314,8066950.55885,261057.751282,0,0.0323613922482
2021-04-30,SH,844,608710.793651,6846.82428447,0,0.0112480743826
2021-04-30,SL,536,636211.752027,15708.9576478,0,0.0246913981041
2021-04-30,SN,773,821505.812821,11614.2874226,2,0.0141378030944
2021-05-31,BH,101,3145119.01641,175466.353585,0,0.055790052036
2021-05-31,BL,474,24888575.5254,-240236.975927,0,-0.00965250002687
2021-05-31,BN,313,8312179.56648,170676.487484,0,0.0205333012983
2021-05-31,SH,843,613848.411031,38522.9469808,2,0.0627564497823
2021-05-31,SL,536,651862.611258,-8724.67319942,0,-0.0133842209213
2021-05-31,SN,766,825831.893087,10505.0765001,0,0.0127205991777
2021-06-30,BH,100,3307371.95823,-134322.118518,0,-0.0406129459324
2021-06-30,BL,473,24611819.1777,1179229.09791,1,0.0479131221222
2021-06-30,BN,312,8459581.61764,-107349.11879,0,-0.0126896486897
2021-06-30,SH,839,647627.384253,-6412.62433929,1,-0.00990171894397
2021-06-30,SL,534,638682.482893,34899.1746867,0,0.0546424485115
2021-06-30,SN,765,835117.889044,2446.18173963,0,0.00292914541974
2021-07-31,BH,135,4530709.76333,-101877.748016,0,-0.0224860459702
2021-07-31,BL,482,26072015.1442,699332.218172,0,0.0268230980345
2021-07-31,BN,288,7842032.98904,-4113.55823429,0,-0.000524552528667
2021-07-31,SH,837,624340.105063,-22875.9242694,0,-0.0366401646857
2021-07-31,SL,643,805876.610389,-44872.9370143,0,-0.0556821434397
2021-07-31,SN,843,979971.86309,-18733.3772142,0,-0.0191162398838
2021-08-31,BH,135,4419554.29544,138980.494884,0,0.0314467219076
2021-08-31,BL,480,26719444.1367,889983.034391,0,0.0333084412174
2021-08-31,BN,288,7824053.31711,102227.042091,0,0.0130657394509
2021-08-31,SH,834,600292.48838,17131.5832527,0,0.0285387266779
2021-08-31,SL,642,760568.072046,19557.8820909,0,0.0257148344899
2021-08-31,SN,838,956751.85374,14302.4351376,1,0.0149489494917
2021-09-30,BH,135,4543598.47201,-26941.7999546,0,-0.00592961726715
2021-09-30,BL,479,27576624.7832,-1464168.71694,0,-0.0530945584693
2021-09-30,BN,288,7915019.81903,-282256.061347,1,-0.0356608154876
2021-09-30,SH,827,614281.070629,2757.56339357,2,0.00448909062222
2021-09-30,SL,641,779630.862909,-33929.6658946,0,-0.0435201676957
2021-09-30,SN,834,959291.347291,-34735.422527,1,-0.0362094608954
2021-10-31,BH,135,4511147.34058,279869.552749,0,0.0620395503892
2021-10-31,BL,478,26091507.6187,2046441.00317,0,0.0784332217622
2021-10-31,BN,285,7577056.26805,241179.612094,0,0.0318302522195
2021-10-31,SH,819,611074.521659,23150.2273493,3,0.0378844584888
2021-10-31,SL,640,741632.074818,22225.0907264,0,0.0299678121821
2021-10-31,SN,830,915484.883078,35729.8320712,0,0.0390283146469
2021-11-30,BH,135,4782217.21233,-211175.866377,0,-0.0441585685052
2021-11-30,BL,477,28111823.5897,-36213.8487347,0,-0.00128820702859
2021-11-30,BN,285,7807883.21267,-269080.740068,0,-0.0344627004194
2021-11-30,SH,810,628002.191756,-24150.7509032,1,-0.0384564755032
2021-11-30,SL,637,757597.520842,-50599.846943,0,-0.0667898792577
2021-11-30,SN,825,942755.861681,-12411.8691872,0,-0.0131655179158
2021-12-31,BH,135,4556312.70902,214963.654099,0,0.0471793021742
2021-12-31,BL,476,28021499.6021,747407.88124,0,0.0266726582036
2021-12-31,BN,284,7511962.64163,465813.750632,0,0.0620095936114
2021-12-31,SH,805,601556.317359,25857.1194081,2,0.0429837052026
2021-12-31,SL,633,701693.716463,-1515.37457899,0,-0.00215959548082
2021-12-31,SN,822,925692.196255,37235.8860672,0,0.0402249108481
2022-01-31,BH,133,4747592.46767,227827.835536,1,0.0479880775546
2022-01-31,BL,476,28749424.7907,-2322785.19647,0,-0.0807941450439
2022-01-31,BN,284,7961626.05585,-190510.535344,0,-0.023928596245
2022-01-31,SH,799,621496.595964,-5996.70383085,2,-0.00964881202858
2022-01-31,SL,631,699467.720897,-92705.3603705,0,-0.132537010073
2022-01-31,SN,822,961801.212414,-87462.1460966,0,-0.0909357827457
2022-02-28,BH,132,4961727.91797,11930.5755077,0,0.00240452030118
2022-02-28,BL,475,26365045.4974,-995272.851217,0,-0.0377497111209
2022-02-28,BN,284,7758103.63194,14391.1367883,0,0.001854981252
2022-02-28,SH,793,609141.177041,13409.6667611,2,0.0220140539935
2022-02-28,SL,629,603067.985108,-660.482016362,0,-0.00109520324851
2022-02-28,SN,822,874052.733106,9858.59248859,0,0.0112791735729
2022-03-31,BH,132,4958037.11382,91208.0988865,0,0.0183960097096
2022-03-31,BL,474,25323653.6052,1114734.34996,0,0.044019491316
2022-03-31,BN,284,7760501.56662,153109.332887,0,0.0197293089335
2022-03-31,SH,789,617022.28324,3478.64372455,2,0.00563779270059
2022-03-31,SL,626,594415.754773,14295.1023656,0,0.0240489964319
2022-03-31,SN,818,879047.166224,5268.52758274,1,0.00599345266691
2022-04-30,BH,131,5033890.21119,-316578.605791,0,-0.0628894537841
2022-04-30,BL,474,26418369.0772,-2681309.97236,0,-0.101494152214
2022-04-30,BN,284,7897598.96549,-517007.854741,0,-0.065463928594
2022-04-30,SH,783,614432.086969,-34303.327811,0,-0.0558293235956
2022-04-30,SL,623,605148.947026,-79562.4052325,0,-0.131475739359
2022-04-30,SN,814,873601.182306,-76012.9649034,1,-0.0870110600158
2022-05-31,BH,131,4709351.90858,251008.972526,0,0.0533001095265
2022-05-31,BL,473,23711906.4455,-657018.295056,0,-0.0277083707532
2022-05-31,BN,283,7362468.56557,317260.296193,0,0.0430915654671
2022-05-31,SH,778,574263.258315,23487.5055515,1,0.0409002408066
2022-05-31,SL,620,521231.942571,-19712.5327178,0,-0.037819118722
2022-05-31,SN,810,794959.718639,13231.9162843,0,0.0166447632176
2022-06-30,BH,131,4942720.42202,-599426.398913,0,-0.121274591264
2022-06-30,BL,472,22994299.1248,-1717644.72096,0,-0.0746987203933
2022-06-30,BN,282,7657154.13269,-702123.190525,1,-0.0916950577667
2022-06-30,SH,774,594889.361644,-67594.7304197,3,-0.113625717281
2022-06-30,SL,616,499464.211713,-22815.7637901,0,-0.0456804777101
2022-06-30,SN,809,803786.68081,-55176.7867646,1,-0.0686460575696
2022-07-31,BH,167,4391609.98696,353177.099461,0,0.0804208708218
2022-07-31,BL,430,21261373.1231,2485374.90653,0,0.116896255577
2022-07-31,BN,342,7364494.79033,374501.58425,0,0.0508523116537
2022-07-31,SH,1075,503531.789789,43247.5145021,0,0.0858883498105
2022-07-31,SL,560,488387.807615,65873.1712466,0,0.134878820109
2022-07-31,SN,1025,791510.208872,87106.906637,0,0.110051526387
2022-08-31,BH,167,4739198.80255,-76190.9406391,0,-0.0160767555474
2022-08-31,BL,429,23725526.6873,-1081808.94632,0,-0.0455968358713
2022-08-31,BN,341,7720669.79428,-170106.791197,0,-0.0220326468726
2022-08-31,SH,1073,545709.217702,-11827.5507954,1,-0.0216737236825
2022-08-31,SL,559,553321.704352,1144.40783889,0,0.00206825040458
2022-08-31,SN,1022,874903.510691,-20790.1526318,1,-0.0237627948428
2022-09-30,BH,166,4639277.72492,-403196.786612,0,-0.0869093877364
2022-09-30,BL,428,22599664.1149,-2033596.04244,0,-0.0899834631211
2022-09-30,BN,340,7534143.45831,-685928.949526,1,-0.0910427248063
2022-09-30,SH,1068,531739.335099,-52122.6866155,1,-0.0980230033308
2022-09-30,SL,557,554079.688931,-51520.7242424,0,-0.0929843220598
2022-09-30,SN,1018,850603.521789,-87453.5712524,0,-0.102813554156
2022-10-31,BH,165,4218591.12486,638362.245929,0,0.15132119398
2022-10-31,BL,426,20510316.1307,1194294.43309,0,0.0582289627072
2022-10-31,BN,338,6819935.15773,745680.860972,0,0.109338409197
2022-10-31,SH,1060,475174.916284,65341.4714665,0,0.137510355087
2022-10-31,SL,552,492675.327139,33377.7442693,0,0.0677479517051
2022-10-31,SN,1012,756708.998303,75481.2984781,0,0.0997494395434
2022-11-30,BH,165,4852301.20585,233670.727057,0,0.0481566821893
2022-11-30,BL,425,21675392.331,1076133.23123,0,0.0496476933288
2022-11-30,BN,336,7513012.11012,420832.11878,0,0.0560137681947
2022-11-30,SH,1057,539437.081551,13574.8941383,3,0.0251649258136
2022-11-30,SL,551,524270.213588,-4840.50771989,0,-0.00923284900502
2022-11-30,SN,1007,828702.637046,19473.7265353,1,0.023499052211
2022-12-31,BH,165,5064477.37263,-256417.324478,0,-0.0506305598014
2022-12-31,BL,423,22694974.1833,-1555810.77333,0,-0.0685530972966
2022-12-31,BN,336,7917865.93079,-316274.150783,0,-0.0399443680339
2022-12-31,SH,1048,548396.374394,-30018.7004219,2,-0.0547390570462
2022-12-31,SL,550,519029.184977,-32759.0887934,1,-0.0631160823736
2022-12-31,SN,1001,843319.296412,-59655.9893392,1,-0.0707395047083
2023-01-31,BH,165,4801589.81064,253044.632976,1,0.0527001770153
2023-01-31,BL,423,21122894.526,1537772.27418,0,0.0728012097152
2023-01-31,BN,336,7585367.2891,417809.50195,0,0.0550809850105
2023-01-31,SH,1045,516817.361754,42624.883643,1,0.0824757192721
2023-01-31,SL,544,484605.050719,67491.0047872,1,0.139270122519
2023-01-31,SN,995,778444.637797,90818.606166,0,0.116666750282
2023-02-28,BH,164,5045672.49932,-185007.176828,1,-0.036666505179
2023-02-28,BL,422,22640147.9588,-228566.274359,0,-0.0100956175187
2023-02-28,BN,335,7981087.71557,-290098.550815,0,-0.036348247401
2023-02-28,SH,1038,558437.352786,-9727.80169504,2,-0.0174196830612
2023-02-28,SL,540,549492.388018,-13459.2205953,0,-0.0244939163649
2023-02-28,SN,988,864253.990153,-14509.0881501,0,-0.0167879909326
2023-03-31,BH,163,4837133.56188,-265741.606884,0,-0.0549378270177
2023-03-31,BL,421,22376281.9712,1411294.72172,0,0.0630710107933
2023-03-31,BN,333,7655342.86961,-84321.5262275,0,-0.0110147288846
2023-03-31,SH,1026,537191.396635,-48971.7933857,0,-0.0911626539302
2023-03-31,SL,536,533147.240692,-19125.4560489,0,-0.0358727469433
2023-03-31,SN,981,839316.81397,-32125.205846,0,-0.0382754227143
2023-04-30,BH,163,4561355.43004,97035.0573254,0,0.0212732944875
2023-04-30,BL,421,23766731.0771,208934.430936,0,0.00879104620059
2023-04-30,BN,333,7555345.17811,57989.6171587,1,0.00767531010055
2023-04-30,SH,1023,486951.66186,-12473.1639454,1,-0.0256147887407
2023-04-30,SL,530,513121.545858,-8090.23489183,0,-0.0157667027572
2023-04-30,SN,978,803806.538254,-18668.7173814,0,-0.0232253863249
2023-05-31,BH,163,4652832.27611,-299288.871068,0,-0.0643240188573
2023-05-31,BL,419,23945693.233,820995.715267,0,0.0342857359476
2023-05-31,BN,332,7599134.69344,-357592.514126,0,-0.0470570043237
2023-05-31,SH,1016,468681.736154,-20000.3957057,2,-0.0426737253938
2023-05-31,SL,530,504920.203138,5795.16418195,1,0.0114773862205
2023-05-31,SN,973,783266.813252,11383.9910478,0,0.0145339887446
2023-06-30,BH,163,4335541.88086,267165.157684,0,0.0616220913153
2023-06-30,BL,419,24729917.6431,1903740.36183,0,0.0769812657409
2023-06-30,BN,332,7227401.34476,430752.890731,0,0.0595999682574
2023-06-30,SH,1008,446673.428639,36237.1260872,2,0.0811266660693
2023-06-30,SL,525,499340.328588,38233.7435937,1,0.0765685072981
2023-06-30,SN,966,784369.896626,68151.778531,0,0.0868872949155
2023-07-31,BH,128,2262532.61643,161647.738129,0,0.0714454841246
2023-07-31,BL,432,25630035.4084,637298.71391,0,0.0248653075876
2023-07-31,BN,350,9761371.69104,453451.962879,1,0.0464537133951
2023-07-31,SH,1244,520077.2282,50329.6280846,1,0.0967733739443
2023-07-31,SL,480,511210.866465,24318.2910438,0,0.0475699806851
2023-07-31,SN,887,849517.101751,55228.2530473,2,0.0650113493106
2023-08-31,BH,128,2419980.46997,-136430.867924,0,-0.0563768466802
2023-08-31,BL,432,26250397.9808,-296453.956945,0,-0.0112933128542
2023-08-31,BN,348,10187081.7463,-290785.512166,0,-0.0285445350699
2023-08-31,SH,1234,569226.744077,-33277.8259451,0,-0.0584614589728
2023-08-31,SL,477,531648.994034,-40655.3077569,0,-0.0764702053669
2023-08-31,SN,877,893640.948386,-51481.6942089,2,-0.0576089248169
2023-09-30,BH,127,2269370.09212,-69607.7309142,0,-0.0306727100863
2023-09-30,BL,431,25905506.4594,-1425306.23536,0,-0.0550194313937
2023-09-30,BN,348,9874086.3491,-266197.611788,0,-0.026959214491
2023-09-30,SH,1227,534430.214946,-34553.7794698,1,-0.0646553628585
2023-09-30,SL,477,490349.089741,-31160.1208582,0,-0.063546810854
2023-09-30,SN,870,833905.216809,-51661.5792435,0,-0.0619513803274
2023-10-31,BH,127,2197581.24134,-99091.3152883,0,-0.0450910816968
2023-10-31,BL,430,24455353.6196,-391872.865968,0,-0.0160240114318
2023-10-31,BN,347,9522625.08017,-350317.863627,0,-0.0367879508726
2023-10-31,SH,1217,498013.400421,-32900.2208887,1,-0.0660629229272
2023-10-31,SL,475,458992.107341,-42664.2817562,0,-0.0929521032582
2023-10-31,SN,863,778441.196334,-47955.7643057,0,-0.0616048643513
2023-11-30,BH,127,2093998.87533,262846.98285,0,0.125523936974
2023-11-30,BL,429,24040426.0563,2335825.16141,0,0.0971623862214
2023-11-30,BN,346,9155543.13457,692749.870922,0,0.0756645303005
2023-11-30,SH,1207,461274.945107,45010.2343401,2,0.0975778867192
2023-11-30,SL,473,415423.525753,38010.9189797,0,0.0914991968997
2023-11-30,SN,856,719461.282058,68176.0573997,1,0.0947598697802
2023-12-31,BH,127,2346040.09151,265084.078997,0,0.112992135111
2023-12-31,BL,428,26297934.1663,1103421.05787,0,0.0419584690907
2023-12-31,BN,346,9820550.19669,528359.937892,0,0.0538014599294
2023-12-31,SH,1194,502867.037676,75764.9265795,1,0.150665923401
2023-12-31,SL,473,452610.03255,54249.1276176,0,0.119858429368
2023-12-31,SN,849,783921.389423,97360.0375805,0,0.124196174379
2024-01-31,BH,127,2609019.27977,-58605.4804859,0,-0.0224626475321
2024-01-31,BL,428,27375990.3284,497090.167674,0,0.0181578880512
2024-01-31,BN,345,10330148.053,205026.569819,0,0.0198473989692
2024-01-31,SH,1189,575488.276862,-26906.468128,0,-0.0467541550536
2024-01-31,SL,470,502874.126163,-19155.0976085,0,-0.0380912371744
2024-01-31,SN,845,875112.252136,-40312.0719625,0,-0.046065029788
2024-02-29,BH,127,2546640.94771,68039.661892,0,0.026717414543
2024-02-29,BL,427,27848511.4654,1659422.45992,0,0.0595874742529
2024-02-29,BN,345,10519738.5673,677598.885374,0,0.064412141142
2024-02-29,SH,1180,548076.844351,15387.9694302,3,0.0280762991336
2024-02-29,SL,466,483376.884117,29777.8955743,0,0.0616038882965
2024-02-29,SN,840,830613.377554,41968.6681927,0,0.0505273203236
2024-03-31,BH,127,2603639.02712,206513.703104,0,0.0793173327614
2024-03-31,BL,425,29433972.5527,578385.251309,0,0.0196502612848
2024-03-31,BN,345,11174433.7961,538826.384024,0,0.0482195692289
2024-03-31,SH,1172,561717.097498,22541.8830418,4,0.040130313181
2024-03-31,SL,462,506444.887044,4566.75561893,0,0.00901728052895
2024-03-31,SN,836,866347.848482,22093.8893062,0,0.0255023306689
2024-04-30,BH,127,2806539.35942,-167502.65339,0,-0.0596829874586
2024-04-30,BL,425,29991267.0285,-1192012.2449,0,-0.0397453113192
2024-04-30,BN,345,11698689.1675,-570953.30225,0,-0.0488048954952
2024-04-30,SH,1158,573571.479831,-39919.5532625,1,-0.0695982186462
2024-04-30,SL,460,510188.569402,-39307.239029,0,-0.0770445309567
2024-04-30,SN,832,887230.329401,-59505.5244248,0,-0.0670688573789
2024-05-31,BH,127,2635455.68714,114010.336475,0,0.0432601986182
2024-05-31,BL,424,28770337.7409,1608741.61888,0,0.055916674784
2024-05-31,BN,343,11047329.3424,349729.777284,0,0.03165740483
2024-05-31,SH,1147,531276.791032,25977.5708281,0,0.048896490994
2024-05-31,SL,457,469108.668654,30768.4203843,0,0.0655891106693
2024-05-31,SN,824,821391.169054,36018.5726077,0,0.0438506937555
2024-06-30,BH,127,2742082.15266,-14269.5294305,0,-0.00520390295988
2024-06-30,BL,424,30345493.9505,1542297.89788,0,0.0508246100853
2024-06-30,BN,343,11371408.5399,-71865.2602845,0,-0.00631982045427
2024-06-30,SH,1139,554953.301197,-12068.3875391,3,-0.0217466722209
2024-06-30,SL,454,497901.019191,-3421.30792784,0,-0.00687146198937
2024-06-30,SN,820,853240.146785,-20593.8572893,0,-0.024136062241
2024-07-31,BH,124,3498858.44943,229919.596581,0,0.0657127460011
2024-07-31,BL,427,35347096.4267,-99497.415904,1,-0.00281486814936
2024-07-31,BN,337,9665891.42435,469450.695694,0,0.0485677600838
2024-07-31,SH,1111,554643.974808,73718.7052705,4,0.132911757125
2024-07-31,SL,497,506560.959333,42807.5468425,0,0.0845062100699
2024-07-31,SN,840,849645.231721,85330.2476464,0,0.100430443744
2024-08-31,BH,124,3723413.38991,91850.4191621,0,0.0246683377706
2024-08-31,BL,426,35221304.6804,828180.299822,0,0.0235136178894
2024-08-31,BN,337,10117723.5788,137174.83869,0,0.0135578757041
2024-08-31,SH,1099,625639.698885,-13604.5672086,1,-0.0217450510779
2024-08-31,SL,496,549297.786348,-2677.14699804,0,-0.00487376258302
2024-08-31,SN,833,930589.306331,-22443.7495692,0,-0.0241177815138
2024-09-30,BH,124,3805405.00405,-36478.4398634,1,-0.00958595466832
2024-09-30,BL,426,36015055.0637,1030359.56168,0,0.0286091347036
2024-09-30,BN,337,10229953.3492,100479.040033,0,0.00982204283858
2024-09-30,SH,1094,610181.779729,-1204.52847526,0,-0.00197404857909
2024-09-30,SL,489,544579.374801,8628.843477,0,0.0158449693034
2024-09-30,SN,830,901850.386307,6131.03022245,1,0.00679827864525
2024-10-31,BH,123,3754472.95599,70102.0449353,0,0.0186716073753
2024-10-31,BL,426,37020436.7092,-320580.606006,0,-0.00865955765254
2024-10-31,BN,337,10317871.9269,-88790.78814,0,-0.00860553307588
2024-10-31,SH,1086,606072.136627,-5894.72446239,1,-0.00972611031947
2024-10-31,SL,485,550040.926565,815.585211781,0,0.00148277186731
2024-10-31,SN,825,900313.380693,-13138.7422682,1,-0.0145935210449
2024-11-30,BH,121,3785006.8248,385620.237014,0,0.101880988559
2024-11-30,BL,426,36683222.2055,2371113.99434,0,0.0646375604917
2024-11-30,BN,335,10202731.4714,642494.022038,0,0.0629727464495
2024-11-30,SH,1081,599008.740426,67603.4339096,1,0.112858843865
2024-11-30,SL,483,543749.087339,86668.7797854,0,0.159391126907
2024-11-30,SN,820,878151.511729,97314.8004388,1,0.110817779323
2024-12-31,BH,120,4148364.66757,-279247.944409,0,-0.0673151872572
2024-12-31,BL,426,39018767.4573,-301511.138956,0,-0.00772733632056
2024-12-31,BN,334,10806498.7285,-769249.005878,0,-0.0711839260062
2024-12-31,SH,1072,663537.854117,-45163.1325289,1,-0.0680641386903
2024-12-31,SL,482,629875.888661,-43229.1266553,0,-0.0686311818463
2024-12-31,SN,812,970592.913459,-83589.6583399,1,-0.0861222631865
2025-01-31,BH,120,3861780.53359,224888.46279,0,0.058234397536
2025-01-31,BL,425,38684135.1992,1028190.78477,0,0.0265791332668
2025-01-31,BN,334,10021251.1174,406670.597322,0,0.040580820953
2025-01-31,SH,1066,610873.251173,12198.6667206,3,0.0199692271632
2025-01-31,SL,481,586084.856633,9343.58413315,0,0.015942374261
2025-01-31,SN,807,882377.729957,25889.0238899,0,0.0293400694634
2025-02-28,BH,120,4081242.47075,109439.279828,0,0.0268151869468
2025-02-28,BL,425,39692437.8119,-1250705.44035,0,-0.0315099174879
2025-02-28,BN,332,10395794.8651,-31098.9958819,0,-0.00299149764741
2025-02-28,SH,1059,619607.702203,-24427.7363787,3,-0.0394245202115
2025-02-28,SL,474,587484.486932,-47713.2554564,0,-0.0812161963724
2025-02-28,SN,802,905235.863034,-62945.1295514,0,-0.0695345071067
2025-03-31,BH,119,4164790.0174,-123370.180777,0,-0.0296221850949
2025-03-31,BL,424,38403171.1997,-2861818.8271,0,-0.0745203778151
2025-03-31,BN,331,10330872.6101,-272788.383051,0,-0.0264051637597
2025-03-31,SH,1050,591788.37943,-38572.4165781,5,-0.065179408584
2025-03-31,SL,472,539471.49761,-42345.5482396,0,-0.0784945051354
2025-03-31,SN,800,841581.147489,-59341.6076931,1,-0.0705120449408
2025-04-30,BH,119,4033480.43793,-107312.131939,0,-0.0266053433482
2025-04-30,BL,423,35497681.7631,292507.094423,0,0.00824017456619
2025-04-30,BN,329,10027314.4982,-447173.681103,0,-0.0445955575828
2025-04-30,SH,1037,546470.270274,-23796.0040115,2,-0.0435449196524
2025-04-30,SL,469,494515.678535,-4533.55648335,0,-0.00916766986395
2025-04-30,SN,785,765200.627755,-18754.7293186,0,-0.0245095581973
2025-05-31,BH,119,3920825.69812,106740.451522,0,0.0272239726374
2025-05-31,BL,423,35771476.0211,2786976.62958,0,0.0779105851808
2025-05-31,BN,328,9517461.08271,322551.894368,0,0.0338905398788
2025-05-31,SH,1030,521390.847832,30862.0059792,3,0.0591916910462
2025-05-31,SL,467,485894.582404,36775.3871118,0,0.0756859377396
2025-05-31,SN,781,745798.187778,30440.9920813,1,0.0408166613705
2025-06-30,BH,118,4006556.25878,164944.053589,0,0.0411685355041
2025-06-30,BL,423,38524318.3899,2159593.9204,1,0.0560579397808
2025-06-30,BN,328,9813792.35974,461481.639419,0,0.0470237827032
2025-06-30,SH,1019,549300.644919,27689.1852318,3,0.0504080697663
2025-06-30,SL,466,522241.479354,35214.9533735,4,0.0674304029183
2025-06-30,SN,779,771960.587188,47160.7580906,2,0.0610921838152
2025-07-31,BH,121,2496158.96869,2417.94009425,0,0.00096866430567
2025-07-31,BL,427,41169150.3791,1259502.22624,0,0.0305933499876
2025-07-31,BN,333,11807800.3001,155943.331709,0,0.0132068063268
2025-07-31,SH,1018,566576.975557,11285.7745455,0,0.0199192255111
2025-07-31,SL,490,522105.635579,11039.6801942,0,0.0211445336766
2025-07-31,SN,808,860370.940863,12325.4993844,0,0.0143257969313
2025-08-31,BH,119,2477963.18904,186613.289514,0,0.0753091451637
2025-08-31,BL,427,42410086.893,609082.361239,0,0.0143617333955
2025-08-31,BN,333,11943447.7314,323883.346251,0,0.0271180779232
2025-08-31,SH,1006,574129.840214,52504.2213171,4,0.0914500826113
2025-08-31,SL,489,533015.632802,29413.9702822,1,0.0551840667929
2025-08-31,SN,804,863368.494937,64303.7286902,0,0.0744800500218
2025-09-30,BH,119,2657084.23294,78414.8770848,1,0.0295116263582
2025-09-30,BL,427,42984473.1212,2061577.26446,0,0.0479609755515
2025-09-30,BN,332,12232735.1219,178052.494204,0,0.01455541156
2025-09-30,SH,996,615444.369774,4210.53174748,1,0.00684144977884
2025-09-30,SL,485,558221.595517,7296.64212942,0,0.0130712286805
2025-09-30,SN,801,921941.971733,26280.2313914,0,0.0285052988118
2025-10-31,BH,118,2714391.51419,39693.6507609,0,0.0146234065916
2025-10-31,BL,427,45016941.1226,1505299.3263,0,0.0334385075654
2025-10-31,BN,332,12398499.6635,-804.590905864,0,-6.48942152436e-05
2025-10-31,SH,989,615570.725046,-9956.59184716,2,-0.0161745701055
2025-10-31,SL,482,564204.873727,19618.7220066,0,0.0347723370006
2025-10-31,SN,793,938555.881197,23198.0172977,0,0.0247167140097
2025-11-30,BH,118,2752308.98934,103256.956873,0,0.0375164842585
2025-11-30,BL,426,46497425.4356,-355584.383451,0,-0.00764739940159
2025-11-30,BN,330,12363994.9281,238212.665773,0,0.0192666421458
2025-11-30,SH,983,601806.054427,21457.7502782,0,0.0356555905684
2025-11-30,SL,481,583351.154274,-6292.99684658,1,-0.010787665029
2025-11-30,SN,790,957838.521531,22051.7825413,0,0.0230224427663
2025-12-31,BH,118,2848119.03766,97016.5989142,0,0.0340633932892
2025-12-31,BL,425,46078774.781,-241019.769619,0,-0.00523060282667
2025-12-31,BN,330,12574338.9405,142793.152246,0,0.0113559172312
2025-12-31,SH,971,614704.905594,-1515.50635889,0,-0.00246542096069
2025-12-31,SL,478,574304.827207,-1280.42541465,0,-0.00222952229198
2025-12-31,SN,784,970793.608365,5465.27402608,0,0.00562969716631
